=== seed 42 ===
No gradient function provided, creating a gradient function. If your Estimator requires transpilation, please provide a pass manager.
No gradient function provided, creating a gradient function. If your Estimator requires transpilation, please provide a pass manager.
{'seed': 42, 'epsilon': 0.0, 'noise_type': 'none', 'level': 'L0', 'attack_success_rate': 0.04501607717041801, 'robustness_accuracy': 0.614, 'accuracy': 0.614, 'precision': 0.627177700348432, 'recall': 0.6766917293233082, 'f1': 0.650994575045208}
No gradient function provided, creating a gradient function. If your Estimator requires transpilation, please provide a pass manager.
{'seed': 42, 'epsilon': 0.0, 'noise_type': 'depolarizing', 'level': 'L1', 'attack_success_rate': 0.05144694533762058, 'robustness_accuracy': 0.61, 'accuracy': 0.61, 'precision': 0.624561403508772, 'recall': 0.6691729323308271, 'f1': 0.6460980036297641}
No gradient function provided, creating a gradient function. If your Estimator requires transpilation, please provide a pass manager.
{'seed': 42, 'epsilon': 0.0, 'noise_type': 'depolarizing', 'level': 'L2', 'attack_success_rate': 0.05466237942122187, 'robustness_accuracy': 0.618, 'accuracy': 0.618, 'precision': 0.6334519572953736, 'recall': 0.6691729323308271, 'f1': 0.6508226691042047}
No gradient function provided, creating a gradient function. If your Estimator requires transpilation, please provide a pass manager.
{'seed': 42, 'epsilon': 0.0, 'noise_type': 'depolarizing', 'level': 'L3', 'attack_success_rate': 0.1382636655948553, 'robustness_accuracy': 0.614, 'accuracy': 0.614, 'precision': 0.6540084388185654, 'recall': 0.5827067669172933, 'f1': 0.6163021868787276}
No gradient function provided, creating a gradient function. If your Estimator requires transpilation, please provide a pass manager.
{'seed': 42, 'epsilon': 0.0, 'noise_type': 'depolarizing', 'level': 'L4', 'attack_success_rate': 0.3729903536977492, 'robustness_accuracy': 0.534, 'accuracy': 0.534, 'precision': 0.6153846153846154, 'recall': 0.3308270676691729, 'f1': 0.43031784841075793}
No gradient function provided, creating a gradient function. If your Estimator requires transpilation, please provide a pass manager.
{'seed': 42, 'epsilon': 0.0, 'noise_type': 'phase_damping', 'level': 'L1', 'attack_success_rate': 0.04823151125401929, 'robustness_accuracy': 0.612, 'accuracy': 0.612, 'precision': 0.6267605633802817, 'recall': 0.6691729323308271, 'f1': 0.6472727272727272}
No gradient function provided, creating a gradient function. If your Estimator requires transpilation, please provide a pass manager.
{'seed': 42, 'epsilon': 0.0, 'noise_type': 'phase_damping', 'level': 'L2', 'attack_success_rate': 0.04823151125401929, 'robustness_accuracy': 0.616, 'accuracy': 0.616, 'precision': 0.6321428571428571, 'recall': 0.6654135338345865, 'f1': 0.6483516483516484}
No gradient function provided, creating a gradient function. If your Estimator requires transpilation, please provide a pass manager.
{'seed': 42, 'epsilon': 0.0, 'noise_type': 'phase_damping', 'level': 'L3', 'attack_success_rate': 0.06109324758842444, 'robustness_accuracy': 0.632, 'accuracy': 0.632, 'precision': 0.6518518518518519, 'recall': 0.6616541353383458, 'f1': 0.6567164179104478}
No gradient function provided, creating a gradient function. If your Estimator requires transpilation, please provide a pass manager.
{'seed': 42, 'epsilon': 0.0, 'noise_type': 'phase_damping', 'level': 'L4', 'attack_success_rate': 0.1157556270096463, 'robustness_accuracy': 0.63, 'accuracy': 0.63, 'precision': 0.6680497925311203, 'recall': 0.6052631578947368, 'f1': 0.6351084812623274}
No gradient function provided, creating a gradient function. If your Estimator requires transpilation, please provide a pass manager.
{'seed': 42, 'epsilon': 0.0, 'noise_type': 'readout', 'level': 'L1', 'attack_success_rate': 0.04501607717041801, 'robustness_accuracy': 0.612, 'accuracy': 0.612, 'precision': 0.6258741258741258, 'recall': 0.6729323308270677, 'f1': 0.6485507246376812}
No gradient function provided, creating a gradient function. If your Estimator requires transpilation, please provide a pass manager.
{'seed': 42, 'epsilon': 0.0, 'noise_type': 'readout', 'level': 'L2', 'attack_success_rate': 0.04823151125401929, 'robustness_accuracy': 0.61, 'accuracy': 0.61, 'precision': 0.624561403508772, 'recall': 0.6691729323308271, 'f1': 0.6460980036297641}
No gradient function provided, creating a gradient function. If your Estimator requires transpilation, please provide a pass manager.
{'seed': 42, 'epsilon': 0.0, 'noise_type': 'readout', 'level': 'L3', 'attack_success_rate': 0.04823151125401929, 'robustness_accuracy': 0.608, 'accuracy': 0.608, 'precision': 0.6223776223776224, 'recall': 0.6691729323308271, 'f1': 0.644927536231884}
No gradient function provided, creating a gradient function. If your Estimator requires transpilation, please provide a pass manager.
{'seed': 42, 'epsilon': 0.0, 'noise_type': 'readout', 'level': 'L4', 'attack_success_rate': 0.05787781350482315, 'robustness_accuracy': 0.61, 'accuracy': 0.61, 'precision': 0.6263345195729537, 'recall': 0.6616541353383458, 'f1': 0.643510054844607}
No gradient function provided, creating a gradient function. If your Estimator requires transpilation, please provide a pass manager.
{'seed': 42, 'epsilon': 0.0, 'noise_type': 'combined', 'level': 'L2', 'attack_success_rate': 0.05466237942122187, 'robustness_accuracy': 0.618, 'accuracy': 0.618, 'precision': 0.6344086021505376, 'recall': 0.6654135338345865, 'f1': 0.6495412844036698}
No gradient function provided, creating a gradient function. If your Estimator requires transpilation, please provide a pass manager.
{'seed': 42, 'epsilon': 0.02, 'noise_type': 'none', 'level': 'L0', 'attack_success_rate': 0.3504823151125402, 'robustness_accuracy': 0.626, 'accuracy': 0.626, 'precision': 0.6561264822134387, 'recall': 0.6240601503759399, 'f1': 0.6396917148362236}
No gradient function provided, creating a gradient function. If your Estimator requires transpilation, please provide a pass manager.
{'seed': 42, 'epsilon': 0.02, 'noise_type': 'depolarizing', 'level': 'L1', 'attack_success_rate': 0.3633440514469453, 'robustness_accuracy': 0.624, 'accuracy': 0.624, 'precision': 0.6611570247933884, 'recall': 0.6015037593984962, 'f1': 0.6299212598425197}
No gradient function provided, creating a gradient function. If your Estimator requires transpilation, please provide a pass manager.
{'seed': 42, 'epsilon': 0.02, 'noise_type': 'depolarizing', 'level': 'L2', 'attack_success_rate': 0.3665594855305466, 'robustness_accuracy': 0.612, 'accuracy': 0.612, 'precision': 0.6565217391304348, 'recall': 0.5676691729323309, 'f1': 0.6088709677419355}
No gradient function provided, creating a gradient function. If your Estimator requires transpilation, please provide a pass manager.
{'seed': 42, 'epsilon': 0.02, 'noise_type': 'depolarizing', 'level': 'L3', 'attack_success_rate': 0.41479099678456594, 'robustness_accuracy': 0.57, 'accuracy': 0.57, 'precision': 0.6424581005586593, 'recall': 0.4323308270676692, 'f1': 0.5168539325842697}
No gradient function provided, creating a gradient function. If your Estimator requires transpilation, please provide a pass manager.
{'seed': 42, 'epsilon': 0.02, 'noise_type': 'depolarizing', 'level': 'L4', 'attack_success_rate': 0.4630225080385852, 'robustness_accuracy': 0.534, 'accuracy': 0.534, 'precision': 0.6341463414634146, 'recall': 0.2932330827067669, 'f1': 0.40102827763496146}
No gradient function provided, creating a gradient function. If your Estimator requires transpilation, please provide a pass manager.
{'seed': 42, 'epsilon': 0.02, 'noise_type': 'phase_damping', 'level': 'L1', 'attack_success_rate': 0.35691318327974275, 'robustness_accuracy': 0.624, 'accuracy': 0.624, 'precision': 0.657258064516129, 'recall': 0.6127819548872181, 'f1': 0.6342412451361867}
No gradient function provided, creating a gradient function. If your Estimator requires transpilation, please provide a pass manager.
{'seed': 42, 'epsilon': 0.02, 'noise_type': 'phase_damping', 'level': 'L2', 'attack_success_rate': 0.3504823151125402, 'robustness_accuracy': 0.622, 'accuracy': 0.622, 'precision': 0.6624472573839663, 'recall': 0.5902255639097744, 'f1': 0.6242544731610338}
No gradient function provided, creating a gradient function. If your Estimator requires transpilation, please provide a pass manager.
{'seed': 42, 'epsilon': 0.02, 'noise_type': 'phase_damping', 'level': 'L3', 'attack_success_rate': 0.3762057877813505, 'robustness_accuracy': 0.596, 'accuracy': 0.596, 'precision': 0.6523809523809524, 'recall': 0.5150375939849624, 'f1': 0.5756302521008403}
No gradient function provided, creating a gradient function. If your Estimator requires transpilation, please provide a pass manager.
{'seed': 42, 'epsilon': 0.02, 'noise_type': 'phase_damping', 'level': 'L4', 'attack_success_rate': 0.40836012861736337, 'robustness_accuracy': 0.576, 'accuracy': 0.576, 'precision': 0.65, 'recall': 0.4398496240601504, 'f1': 0.5246636771300448}
No gradient function provided, creating a gradient function. If your Estimator requires transpilation, please provide a pass manager.
{'seed': 42, 'epsilon': 0.02, 'noise_type': 'readout', 'level': 'L1', 'attack_success_rate': 0.3408360128617363, 'robustness_accuracy': 0.628, 'accuracy': 0.628, 'precision': 0.6587301587301587, 'recall': 0.6240601503759399, 'f1': 0.640926640926641}
No gradient function provided, creating a gradient function. If your Estimator requires transpilation, please provide a pass manager.
{'seed': 42, 'epsilon': 0.02, 'noise_type': 'readout', 'level': 'L2', 'attack_success_rate': 0.3440514469453376, 'robustness_accuracy': 0.628, 'accuracy': 0.628, 'precision': 0.66, 'recall': 0.6203007518796992, 'f1': 0.6395348837209303}
No gradient function provided, creating a gradient function. If your Estimator requires transpilation, please provide a pass manager.
{'seed': 42, 'epsilon': 0.02, 'noise_type': 'readout', 'level': 'L3', 'attack_success_rate': 0.35691318327974275, 'robustness_accuracy': 0.626, 'accuracy': 0.626, 'precision': 0.6573705179282868, 'recall': 0.6203007518796992, 'f1': 0.6382978723404256}
No gradient function provided, creating a gradient function. If your Estimator requires transpilation, please provide a pass manager.
{'seed': 42, 'epsilon': 0.02, 'noise_type': 'readout', 'level': 'L4', 'attack_success_rate': 0.36012861736334406, 'robustness_accuracy': 0.624, 'accuracy': 0.624, 'precision': 0.6598360655737705, 'recall': 0.6052631578947368, 'f1': 0.6313725490196078}
No gradient function provided, creating a gradient function. If your Estimator requires transpilation, please provide a pass manager.
{'seed': 42, 'epsilon': 0.02, 'noise_type': 'combined', 'level': 'L2', 'attack_success_rate': 0.3536977491961415, 'robustness_accuracy': 0.622, 'accuracy': 0.622, 'precision': 0.6652360515021459, 'recall': 0.5827067669172933, 'f1': 0.6212424849699398}
No gradient function provided, creating a gradient function. If your Estimator requires transpilation, please provide a pass manager.
{'seed': 42, 'epsilon': 0.05, 'noise_type': 'none', 'level': 'L0', 'attack_success_rate': 0.6141479099678456, 'robustness_accuracy': 0.55, 'accuracy': 0.55, 'precision': 0.5879828326180258, 'recall': 0.5150375939849624, 'f1': 0.5490981963927856}
No gradient function provided, creating a gradient function. If your Estimator requires transpilation, please provide a pass manager.
{'seed': 42, 'epsilon': 0.05, 'noise_type': 'depolarizing', 'level': 'L1', 'attack_success_rate': 0.6141479099678456, 'robustness_accuracy': 0.546, 'accuracy': 0.546, 'precision': 0.5851528384279476, 'recall': 0.5037593984962406, 'f1': 0.5414141414141415}
No gradient function provided, creating a gradient function. If your Estimator requires transpilation, please provide a pass manager.
{'seed': 42, 'epsilon': 0.05, 'noise_type': 'depolarizing', 'level': 'L2', 'attack_success_rate': 0.6237942122186495, 'robustness_accuracy': 0.542, 'accuracy': 0.542, 'precision': 0.5822222222222222, 'recall': 0.4924812030075188, 'f1': 0.5336048879837068}
No gradient function provided, creating a gradient function. If your Estimator requires transpilation, please provide a pass manager.
{'seed': 42, 'epsilon': 0.05, 'noise_type': 'depolarizing', 'level': 'L3', 'attack_success_rate': 0.6109324758842444, 'robustness_accuracy': 0.52, 'accuracy': 0.52, 'precision': 0.5684210526315789, 'recall': 0.40601503759398494, 'f1': 0.47368421052631576}
No gradient function provided, creating a gradient function. If your Estimator requires transpilation, please provide a pass manager.
{'seed': 42, 'epsilon': 0.05, 'noise_type': 'depolarizing', 'level': 'L4', 'attack_success_rate': 0.5884244372990354, 'robustness_accuracy': 0.49, 'accuracy': 0.49, 'precision': 0.5426356589147286, 'recall': 0.2631578947368421, 'f1': 0.35443037974683544}
No gradient function provided, creating a gradient function. If your Estimator requires transpilation, please provide a pass manager.
{'seed': 42, 'epsilon': 0.05, 'noise_type': 'phase_damping', 'level': 'L1', 'attack_success_rate': 0.6109324758842444, 'robustness_accuracy': 0.55, 'accuracy': 0.55, 'precision': 0.5895196506550219, 'recall': 0.5075187969924813, 'f1': 0.5454545454545454}
No gradient function provided, creating a gradient function. If your Estimator requires transpilation, please provide a pass manager.
{'seed': 42, 'epsilon': 0.05, 'noise_type': 'phase_damping', 'level': 'L2', 'attack_success_rate': 0.6109324758842444, 'robustness_accuracy': 0.546, 'accuracy': 0.546, 'precision': 0.5844155844155844, 'recall': 0.5075187969924813, 'f1': 0.5432595573440644}
No gradient function provided, creating a gradient function. If your Estimator requires transpilation, please provide a pass manager.
{'seed': 42, 'epsilon': 0.05, 'noise_type': 'phase_damping', 'level': 'L3', 'attack_success_rate': 0.617363344051447, 'robustness_accuracy': 0.54, 'accuracy': 0.54, 'precision': 0.5857142857142857, 'recall': 0.462406015037594, 'f1': 0.5168067226890757}
No gradient function provided, creating a gradient function. If your Estimator requires transpilation, please provide a pass manager.
{'seed': 42, 'epsilon': 0.05, 'noise_type': 'phase_damping', 'level': 'L4', 'attack_success_rate': 0.6045016077170418, 'robustness_accuracy': 0.524, 'accuracy': 0.524, 'precision': 0.574468085106383, 'recall': 0.40601503759398494, 'f1': 0.47577092511013214}
No gradient function provided, creating a gradient function. If your Estimator requires transpilation, please provide a pass manager.
{'seed': 42, 'epsilon': 0.05, 'noise_type': 'readout', 'level': 'L1', 'attack_success_rate': 0.6077170418006431, 'robustness_accuracy': 0.548, 'accuracy': 0.548, 'precision': 0.5854700854700855, 'recall': 0.5150375939849624, 'f1': 0.548}
No gradient function provided, creating a gradient function. If your Estimator requires transpilation, please provide a pass manager.
{'seed': 42, 'epsilon': 0.05, 'noise_type': 'readout', 'level': 'L2', 'attack_success_rate': 0.6109324758842444, 'robustness_accuracy': 0.546, 'accuracy': 0.546, 'precision': 0.5844155844155844, 'recall': 0.5075187969924813, 'f1': 0.5432595573440644}
No gradient function provided, creating a gradient function. If your Estimator requires transpilation, please provide a pass manager.
{'seed': 42, 'epsilon': 0.05, 'noise_type': 'readout', 'level': 'L3', 'attack_success_rate': 0.6205787781350482, 'robustness_accuracy': 0.534, 'accuracy': 0.534, 'precision': 0.5720524017467249, 'recall': 0.4924812030075188, 'f1': 0.5292929292929293}
No gradient function provided, creating a gradient function. If your Estimator requires transpilation, please provide a pass manager.
{'seed': 42, 'epsilon': 0.05, 'noise_type': 'readout', 'level': 'L4', 'attack_success_rate': 0.6302250803858521, 'robustness_accuracy': 0.53, 'accuracy': 0.53, 'precision': 0.5676855895196506, 'recall': 0.48872180451127817, 'f1': 0.5252525252525253}
No gradient function provided, creating a gradient function. If your Estimator requires transpilation, please provide a pass manager.
{'seed': 42, 'epsilon': 0.05, 'noise_type': 'combined', 'level': 'L2', 'attack_success_rate': 0.6302250803858521, 'robustness_accuracy': 0.532, 'accuracy': 0.532, 'precision': 0.5707964601769911, 'recall': 0.4849624060150376, 'f1': 0.524390243902439}
No gradient function provided, creating a gradient function. If your Estimator requires transpilation, please provide a pass manager.
{'seed': 42, 'epsilon': 0.1, 'noise_type': 'none', 'level': 'L0', 'attack_success_rate': 0.5016077170418006, 'robustness_accuracy': 0.542, 'accuracy': 0.542, 'precision': 0.5682656826568265, 'recall': 0.5789473684210527, 'f1': 0.5735567970204841}
No gradient function provided, creating a gradient function. If your Estimator requires transpilation, please provide a pass manager.
{'seed': 42, 'epsilon': 0.1, 'noise_type': 'depolarizing', 'level': 'L1', 'attack_success_rate': 0.5048231511254019, 'robustness_accuracy': 0.538, 'accuracy': 0.538, 'precision': 0.5650557620817844, 'recall': 0.5714285714285714, 'f1': 0.5682242990654206}
No gradient function provided, creating a gradient function. If your Estimator requires transpilation, please provide a pass manager.
{'seed': 42, 'epsilon': 0.1, 'noise_type': 'depolarizing', 'level': 'L2', 'attack_success_rate': 0.5144694533762058, 'robustness_accuracy': 0.534, 'accuracy': 0.534, 'precision': 0.5642023346303502, 'recall': 0.5451127819548872, 'f1': 0.5544933078393881}
No gradient function provided, creating a gradient function. If your Estimator requires transpilation, please provide a pass manager.
{'seed': 42, 'epsilon': 0.1, 'noise_type': 'depolarizing', 'level': 'L3', 'attack_success_rate': 0.5112540192926045, 'robustness_accuracy': 0.536, 'accuracy': 0.536, 'precision': 0.5801886792452831, 'recall': 0.462406015037594, 'f1': 0.5146443514644351}
No gradient function provided, creating a gradient function. If your Estimator requires transpilation, please provide a pass manager.
{'seed': 42, 'epsilon': 0.1, 'noise_type': 'depolarizing', 'level': 'L4', 'attack_success_rate': 0.5176848874598071, 'robustness_accuracy': 0.518, 'accuracy': 0.518, 'precision': 0.5954198473282443, 'recall': 0.2932330827067669, 'f1': 0.3929471032745592}
No gradient function provided, creating a gradient function. If your Estimator requires transpilation, please provide a pass manager.
{'seed': 42, 'epsilon': 0.1, 'noise_type': 'phase_damping', 'level': 'L1', 'attack_success_rate': 0.5048231511254019, 'robustness_accuracy': 0.538, 'accuracy': 0.538, 'precision': 0.5650557620817844, 'recall': 0.5714285714285714, 'f1': 0.5682242990654206}
No gradient function provided, creating a gradient function. If your Estimator requires transpilation, please provide a pass manager.
{'seed': 42, 'epsilon': 0.1, 'noise_type': 'phase_damping', 'level': 'L2', 'attack_success_rate': 0.5016077170418006, 'robustness_accuracy': 0.54, 'accuracy': 0.54, 'precision': 0.5676691729323309, 'recall': 0.5676691729323309, 'f1': 0.5676691729323309}
No gradient function provided, creating a gradient function. If your Estimator requires transpilation, please provide a pass manager.
{'seed': 42, 'epsilon': 0.1, 'noise_type': 'phase_damping', 'level': 'L3', 'attack_success_rate': 0.5080385852090032, 'robustness_accuracy': 0.544, 'accuracy': 0.544, 'precision': 0.5785123966942148, 'recall': 0.5263157894736842, 'f1': 0.5511811023622047}
No gradient function provided, creating a gradient function. If your Estimator requires transpilation, please provide a pass manager.
{'seed': 42, 'epsilon': 0.1, 'noise_type': 'phase_damping', 'level': 'L4', 'attack_success_rate': 0.5112540192926045, 'robustness_accuracy': 0.542, 'accuracy': 0.542, 'precision': 0.5876777251184834, 'recall': 0.46616541353383456, 'f1': 0.519916142557652}
No gradient function provided, creating a gradient function. If your Estimator requires transpilation, please provide a pass manager.
{'seed': 42, 'epsilon': 0.1, 'noise_type': 'readout', 'level': 'L1', 'attack_success_rate': 0.5016077170418006, 'robustness_accuracy': 0.544, 'accuracy': 0.544, 'precision': 0.5703703703703704, 'recall': 0.5789473684210527, 'f1': 0.5746268656716418}
No gradient function provided, creating a gradient function. If your Estimator requires transpilation, please provide a pass manager.
{'seed': 42, 'epsilon': 0.1, 'noise_type': 'readout', 'level': 'L2', 'attack_success_rate': 0.5016077170418006, 'robustness_accuracy': 0.54, 'accuracy': 0.54, 'precision': 0.5666666666666667, 'recall': 0.575187969924812, 'f1': 0.5708955223880597}
No gradient function provided, creating a gradient function. If your Estimator requires transpilation, please provide a pass manager.
{'seed': 42, 'epsilon': 0.1, 'noise_type': 'readout', 'level': 'L3', 'attack_success_rate': 0.5144694533762058, 'robustness_accuracy': 0.532, 'accuracy': 0.532, 'precision': 0.5601503759398496, 'recall': 0.5601503759398496, 'f1': 0.5601503759398496}
No gradient function provided, creating a gradient function. If your Estimator requires transpilation, please provide a pass manager.
{'seed': 42, 'epsilon': 0.1, 'noise_type': 'readout', 'level': 'L4', 'attack_success_rate': 0.5048231511254019, 'robustness_accuracy': 0.542, 'accuracy': 0.542, 'precision': 0.5692883895131086, 'recall': 0.5714285714285714, 'f1': 0.5703564727954972}
No gradient function provided, creating a gradient function. If your Estimator requires transpilation, please provide a pass manager.
{'seed': 42, 'epsilon': 0.1, 'noise_type': 'combined', 'level': 'L2', 'attack_success_rate': 0.5112540192926045, 'robustness_accuracy': 0.532, 'accuracy': 0.532, 'precision': 0.5625, 'recall': 0.5413533834586466, 'f1': 0.5517241379310345}
No gradient function provided, creating a gradient function. If your Estimator requires transpilation, please provide a pass manager.
{'seed': 42, 'epsilon': 0.15, 'noise_type': 'none', 'level': 'L0', 'attack_success_rate': 0.3665594855305466, 'robustness_accuracy': 0.604, 'accuracy': 0.604, 'precision': 0.6338582677165354, 'recall': 0.6052631578947368, 'f1': 0.6192307692307693}
No gradient function provided, creating a gradient function. If your Estimator requires transpilation, please provide a pass manager.
{'seed': 42, 'epsilon': 0.15, 'noise_type': 'depolarizing', 'level': 'L1', 'attack_success_rate': 0.3762057877813505, 'robustness_accuracy': 0.594, 'accuracy': 0.594, 'precision': 0.6265060240963856, 'recall': 0.5864661654135338, 'f1': 0.6058252427184466}
No gradient function provided, creating a gradient function. If your Estimator requires transpilation, please provide a pass manager.
{'seed': 42, 'epsilon': 0.15, 'noise_type': 'depolarizing', 'level': 'L2', 'attack_success_rate': 0.3762057877813505, 'robustness_accuracy': 0.594, 'accuracy': 0.594, 'precision': 0.6275303643724697, 'recall': 0.5827067669172933, 'f1': 0.6042884990253411}
No gradient function provided, creating a gradient function. If your Estimator requires transpilation, please provide a pass manager.
{'seed': 42, 'epsilon': 0.15, 'noise_type': 'depolarizing', 'level': 'L3', 'attack_success_rate': 0.4212218649517685, 'robustness_accuracy': 0.57, 'accuracy': 0.57, 'precision': 0.628140703517588, 'recall': 0.4699248120300752, 'f1': 0.5376344086021505}
No gradient function provided, creating a gradient function. If your Estimator requires transpilation, please provide a pass manager.
{'seed': 42, 'epsilon': 0.15, 'noise_type': 'depolarizing', 'level': 'L4', 'attack_success_rate': 0.49517684887459806, 'robustness_accuracy': 0.514, 'accuracy': 0.514, 'precision': 0.583941605839416, 'recall': 0.3007518796992481, 'f1': 0.3970223325062035}
No gradient function provided, creating a gradient function. If your Estimator requires transpilation, please provide a pass manager.
{'seed': 42, 'epsilon': 0.15, 'noise_type': 'phase_damping', 'level': 'L1', 'attack_success_rate': 0.3762057877813505, 'robustness_accuracy': 0.594, 'accuracy': 0.594, 'precision': 0.6254980079681275, 'recall': 0.5902255639097744, 'f1': 0.6073500967117988}
No gradient function provided, creating a gradient function. If your Estimator requires transpilation, please provide a pass manager.
{'seed': 42, 'epsilon': 0.15, 'noise_type': 'phase_damping', 'level': 'L2', 'attack_success_rate': 0.37942122186495175, 'robustness_accuracy': 0.594, 'accuracy': 0.594, 'precision': 0.6254980079681275, 'recall': 0.5902255639097744, 'f1': 0.6073500967117988}
No gradient function provided, creating a gradient function. If your Estimator requires transpilation, please provide a pass manager.
{'seed': 42, 'epsilon': 0.15, 'noise_type': 'phase_damping', 'level': 'L3', 'attack_success_rate': 0.3858520900321543, 'robustness_accuracy': 0.592, 'accuracy': 0.592, 'precision': 0.6371681415929203, 'recall': 0.5413533834586466, 'f1': 0.5853658536585366}
No gradient function provided, creating a gradient function. If your Estimator requires transpilation, please provide a pass manager.
{'seed': 42, 'epsilon': 0.15, 'noise_type': 'phase_damping', 'level': 'L4', 'attack_success_rate': 0.40514469453376206, 'robustness_accuracy': 0.574, 'accuracy': 0.574, 'precision': 0.6358974358974359, 'recall': 0.46616541353383456, 'f1': 0.5379609544468547}
No gradient function provided, creating a gradient function. If your Estimator requires transpilation, please provide a pass manager.
{'seed': 42, 'epsilon': 0.15, 'noise_type': 'readout', 'level': 'L1', 'attack_success_rate': 0.37942122186495175, 'robustness_accuracy': 0.594, 'accuracy': 0.594, 'precision': 0.6254980079681275, 'recall': 0.5902255639097744, 'f1': 0.6073500967117988}
No gradient function provided, creating a gradient function. If your Estimator requires transpilation, please provide a pass manager.
{'seed': 42, 'epsilon': 0.15, 'noise_type': 'readout', 'level': 'L2', 'attack_success_rate': 0.37942122186495175, 'robustness_accuracy': 0.594, 'accuracy': 0.594, 'precision': 0.6254980079681275, 'recall': 0.5902255639097744, 'f1': 0.6073500967117988}
No gradient function provided, creating a gradient function. If your Estimator requires transpilation, please provide a pass manager.
{'seed': 42, 'epsilon': 0.15, 'noise_type': 'readout', 'level': 'L3', 'attack_success_rate': 0.3729903536977492, 'robustness_accuracy': 0.602, 'accuracy': 0.602, 'precision': 0.6356275303643725, 'recall': 0.5902255639097744, 'f1': 0.6120857699805068}
No gradient function provided, creating a gradient function. If your Estimator requires transpilation, please provide a pass manager.
{'seed': 42, 'epsilon': 0.15, 'noise_type': 'readout', 'level': 'L4', 'attack_success_rate': 0.3665594855305466, 'robustness_accuracy': 0.606, 'accuracy': 0.606, 'precision': 0.6408163265306123, 'recall': 0.5902255639097744, 'f1': 0.6144814090019569}
No gradient function provided, creating a gradient function. If your Estimator requires transpilation, please provide a pass manager.
{'seed': 42, 'epsilon': 0.15, 'noise_type': 'combined', 'level': 'L2', 'attack_success_rate': 0.37942122186495175, 'robustness_accuracy': 0.594, 'accuracy': 0.594, 'precision': 0.6307053941908713, 'recall': 0.5714285714285714, 'f1': 0.5996055226824457}
No gradient function provided, creating a gradient function. If your Estimator requires transpilation, please provide a pass manager.
{'seed': 42, 'epsilon': 0.2, 'noise_type': 'none', 'level': 'L0', 'attack_success_rate': 0.39228295819935693, 'robustness_accuracy': 0.586, 'accuracy': 0.586, 'precision': 0.6147859922178989, 'recall': 0.5939849624060151, 'f1': 0.6042065009560229}
No gradient function provided, creating a gradient function. If your Estimator requires transpilation, please provide a pass manager.
{'seed': 42, 'epsilon': 0.2, 'noise_type': 'depolarizing', 'level': 'L1', 'attack_success_rate': 0.40192926045016075, 'robustness_accuracy': 0.576, 'accuracy': 0.576, 'precision': 0.6062992125984252, 'recall': 0.5789473684210527, 'f1': 0.5923076923076923}
No gradient function provided, creating a gradient function. If your Estimator requires transpilation, please provide a pass manager.
{'seed': 42, 'epsilon': 0.2, 'noise_type': 'depolarizing', 'level': 'L2', 'attack_success_rate': 0.40192926045016075, 'robustness_accuracy': 0.578, 'accuracy': 0.578, 'precision': 0.6141078838174274, 'recall': 0.556390977443609, 'f1': 0.5838264299802761}
No gradient function provided, creating a gradient function. If your Estimator requires transpilation, please provide a pass manager.
{'seed': 42, 'epsilon': 0.2, 'noise_type': 'depolarizing', 'level': 'L3', 'attack_success_rate': 0.4437299035369775, 'robustness_accuracy': 0.536, 'accuracy': 0.536, 'precision': 0.5876288659793815, 'recall': 0.42857142857142855, 'f1': 0.4956521739130435}
No gradient function provided, creating a gradient function. If your Estimator requires transpilation, please provide a pass manager.
{'seed': 42, 'epsilon': 0.2, 'noise_type': 'depolarizing', 'level': 'L4', 'attack_success_rate': 0.4694533762057878, 'robustness_accuracy': 0.528, 'accuracy': 0.528, 'precision': 0.6171875, 'recall': 0.29699248120300753, 'f1': 0.4010152284263959}
No gradient function provided, creating a gradient function. If your Estimator requires transpilation, please provide a pass manager.
{'seed': 42, 'epsilon': 0.2, 'noise_type': 'phase_damping', 'level': 'L1', 'attack_success_rate': 0.40192926045016075, 'robustness_accuracy': 0.578, 'accuracy': 0.578, 'precision': 0.6086956521739131, 'recall': 0.5789473684210527, 'f1': 0.5934489402697495}
No gradient function provided, creating a gradient function. If your Estimator requires transpilation, please provide a pass manager.
{'seed': 42, 'epsilon': 0.2, 'noise_type': 'phase_damping', 'level': 'L2', 'attack_success_rate': 0.40192926045016075, 'robustness_accuracy': 0.58, 'accuracy': 0.58, 'precision': 0.6129032258064516, 'recall': 0.5714285714285714, 'f1': 0.5914396887159533}
No gradient function provided, creating a gradient function. If your Estimator requires transpilation, please provide a pass manager.
{'seed': 42, 'epsilon': 0.2, 'noise_type': 'phase_damping', 'level': 'L3', 'attack_success_rate': 0.4180064308681672, 'robustness_accuracy': 0.568, 'accuracy': 0.568, 'precision': 0.6106194690265486, 'recall': 0.518796992481203, 'f1': 0.5609756097560976}
No gradient function provided, creating a gradient function. If your Estimator requires transpilation, please provide a pass manager.
{'seed': 42, 'epsilon': 0.2, 'noise_type': 'phase_damping', 'level': 'L4', 'attack_success_rate': 0.4437299035369775, 'robustness_accuracy': 0.542, 'accuracy': 0.542, 'precision': 0.592964824120603, 'recall': 0.44360902255639095, 'f1': 0.5075268817204301}
No gradient function provided, creating a gradient function. If your Estimator requires transpilation, please provide a pass manager.
{'seed': 42, 'epsilon': 0.2, 'noise_type': 'readout', 'level': 'L1', 'attack_success_rate': 0.39228295819935693, 'robustness_accuracy': 0.584, 'accuracy': 0.584, 'precision': 0.61328125, 'recall': 0.5902255639097744, 'f1': 0.6015325670498084}
No gradient function provided, creating a gradient function. If your Estimator requires transpilation, please provide a pass manager.
{'seed': 42, 'epsilon': 0.2, 'noise_type': 'readout', 'level': 'L2', 'attack_success_rate': 0.3890675241157556, 'robustness_accuracy': 0.584, 'accuracy': 0.584, 'precision': 0.61328125, 'recall': 0.5902255639097744, 'f1': 0.6015325670498084}
No gradient function provided, creating a gradient function. If your Estimator requires transpilation, please provide a pass manager.
{'seed': 42, 'epsilon': 0.2, 'noise_type': 'readout', 'level': 'L3', 'attack_success_rate': 0.39228295819935693, 'robustness_accuracy': 0.586, 'accuracy': 0.586, 'precision': 0.615686274509804, 'recall': 0.5902255639097744, 'f1': 0.6026871401151631}
No gradient function provided, creating a gradient function. If your Estimator requires transpilation, please provide a pass manager.
{'seed': 42, 'epsilon': 0.2, 'noise_type': 'readout', 'level': 'L4', 'attack_success_rate': 0.3890675241157556, 'robustness_accuracy': 0.596, 'accuracy': 0.596, 'precision': 0.626984126984127, 'recall': 0.5939849624060151, 'f1': 0.61003861003861}
No gradient function provided, creating a gradient function. If your Estimator requires transpilation, please provide a pass manager.
{'seed': 42, 'epsilon': 0.2, 'noise_type': 'combined', 'level': 'L2', 'attack_success_rate': 0.3987138263665595, 'robustness_accuracy': 0.574, 'accuracy': 0.574, 'precision': 0.6081632653061224, 'recall': 0.5601503759398496, 'f1': 0.5831702544031311}
No gradient function provided, creating a gradient function. If your Estimator requires transpilation, please provide a pass manager.
{'seed': 42, 'epsilon': 0.3, 'noise_type': 'none', 'level': 'L0', 'attack_success_rate': 0.4437299035369775, 'robustness_accuracy': 0.536, 'accuracy': 0.536, 'precision': 0.5702479338842975, 'recall': 0.518796992481203, 'f1': 0.5433070866141733}
No gradient function provided, creating a gradient function. If your Estimator requires transpilation, please provide a pass manager.
{'seed': 42, 'epsilon': 0.3, 'noise_type': 'depolarizing', 'level': 'L1', 'attack_success_rate': 0.44694533762057875, 'robustness_accuracy': 0.536, 'accuracy': 0.536, 'precision': 0.5726495726495726, 'recall': 0.5037593984962406, 'f1': 0.536}
No gradient function provided, creating a gradient function. If your Estimator requires transpilation, please provide a pass manager.
{'seed': 42, 'epsilon': 0.3, 'noise_type': 'depolarizing', 'level': 'L2', 'attack_success_rate': 0.45980707395498394, 'robustness_accuracy': 0.532, 'accuracy': 0.532, 'precision': 0.5689655172413793, 'recall': 0.49624060150375937, 'f1': 0.5301204819277109}
No gradient function provided, creating a gradient function. If your Estimator requires transpilation, please provide a pass manager.
{'seed': 42, 'epsilon': 0.3, 'noise_type': 'depolarizing', 'level': 'L3', 'attack_success_rate': 0.4694533762057878, 'robustness_accuracy': 0.528, 'accuracy': 0.528, 'precision': 0.578125, 'recall': 0.41729323308270677, 'f1': 0.4847161572052402}
No gradient function provided, creating a gradient function. If your Estimator requires transpilation, please provide a pass manager.
{'seed': 42, 'epsilon': 0.3, 'noise_type': 'depolarizing', 'level': 'L4', 'attack_success_rate': 0.5176848874598071, 'robustness_accuracy': 0.508, 'accuracy': 0.508, 'precision': 0.5819672131147541, 'recall': 0.2669172932330827, 'f1': 0.36597938144329895}
No gradient function provided, creating a gradient function. If your Estimator requires transpilation, please provide a pass manager.
{'seed': 42, 'epsilon': 0.3, 'noise_type': 'phase_damping', 'level': 'L1', 'attack_success_rate': 0.43729903536977494, 'robustness_accuracy': 0.542, 'accuracy': 0.542, 'precision': 0.5787234042553191, 'recall': 0.5112781954887218, 'f1': 0.5429141716566867}
No gradient function provided, creating a gradient function. If your Estimator requires transpilation, please provide a pass manager.
{'seed': 42, 'epsilon': 0.3, 'noise_type': 'phase_damping', 'level': 'L2', 'attack_success_rate': 0.4437299035369775, 'robustness_accuracy': 0.54, 'accuracy': 0.54, 'precision': 0.5775862068965517, 'recall': 0.5037593984962406, 'f1': 0.5381526104417671}
No gradient function provided, creating a gradient function. If your Estimator requires transpilation, please provide a pass manager.
{'seed': 42, 'epsilon': 0.3, 'noise_type': 'phase_damping', 'level': 'L3', 'attack_success_rate': 0.4662379421221865, 'robustness_accuracy': 0.528, 'accuracy': 0.528, 'precision': 0.5694444444444444, 'recall': 0.462406015037594, 'f1': 0.5103734439834025}
No gradient function provided, creating a gradient function. If your Estimator requires transpilation, please provide a pass manager.
{'seed': 42, 'epsilon': 0.3, 'noise_type': 'phase_damping', 'level': 'L4', 'attack_success_rate': 0.4790996784565916, 'robustness_accuracy': 0.522, 'accuracy': 0.522, 'precision': 0.5692307692307692, 'recall': 0.41729323308270677, 'f1': 0.48156182212581344}
No gradient function provided, creating a gradient function. If your Estimator requires transpilation, please provide a pass manager.
{'seed': 42, 'epsilon': 0.3, 'noise_type': 'readout', 'level': 'L1', 'attack_success_rate': 0.4437299035369775, 'robustness_accuracy': 0.54, 'accuracy': 0.54, 'precision': 0.575, 'recall': 0.518796992481203, 'f1': 0.5454545454545454}
No gradient function provided, creating a gradient function. If your Estimator requires transpilation, please provide a pass manager.
{'seed': 42, 'epsilon': 0.3, 'noise_type': 'readout', 'level': 'L2', 'attack_success_rate': 0.44694533762057875, 'robustness_accuracy': 0.532, 'accuracy': 0.532, 'precision': 0.5666666666666667, 'recall': 0.5112781954887218, 'f1': 0.5375494071146245}
No gradient function provided, creating a gradient function. If your Estimator requires transpilation, please provide a pass manager.
{'seed': 42, 'epsilon': 0.3, 'noise_type': 'readout', 'level': 'L3', 'attack_success_rate': 0.4437299035369775, 'robustness_accuracy': 0.54, 'accuracy': 0.54, 'precision': 0.5756302521008403, 'recall': 0.5150375939849624, 'f1': 0.5436507936507936}
No gradient function provided, creating a gradient function. If your Estimator requires transpilation, please provide a pass manager.
{'seed': 42, 'epsilon': 0.3, 'noise_type': 'readout', 'level': 'L4', 'attack_success_rate': 0.4630225080385852, 'robustness_accuracy': 0.528, 'accuracy': 0.528, 'precision': 0.5646551724137931, 'recall': 0.4924812030075188, 'f1': 0.5261044176706827}
No gradient function provided, creating a gradient function. If your Estimator requires transpilation, please provide a pass manager.
{'seed': 42, 'epsilon': 0.3, 'noise_type': 'combined', 'level': 'L2', 'attack_success_rate': 0.4662379421221865, 'robustness_accuracy': 0.526, 'accuracy': 0.526, 'precision': 0.5633187772925764, 'recall': 0.4849624060150376, 'f1': 0.5212121212121212}
=== seed 43 ===
No gradient function provided, creating a gradient function. If your Estimator requires transpilation, please provide a pass manager.
No gradient function provided, creating a gradient function. If your Estimator requires transpilation, please provide a pass manager.
{'seed': 43, 'epsilon': 0.0, 'noise_type': 'none', 'level': 'L0', 'attack_success_rate': 0.041935483870967745, 'robustness_accuracy': 0.616, 'accuracy': 0.616, 'precision': 0.6312056737588653, 'recall': 0.6691729323308271, 'f1': 0.6496350364963503}
No gradient function provided, creating a gradient function. If your Estimator requires transpilation, please provide a pass manager.
{'seed': 43, 'epsilon': 0.0, 'noise_type': 'depolarizing', 'level': 'L1', 'attack_success_rate': 0.05161290322580645, 'robustness_accuracy': 0.614, 'accuracy': 0.614, 'precision': 0.6327272727272727, 'recall': 0.6541353383458647, 'f1': 0.6432532347504621}
No gradient function provided, creating a gradient function. If your Estimator requires transpilation, please provide a pass manager.
{'seed': 43, 'epsilon': 0.0, 'noise_type': 'depolarizing', 'level': 'L2', 'attack_success_rate': 0.06451612903225806, 'robustness_accuracy': 0.61, 'accuracy': 0.61, 'precision': 0.6309963099630996, 'recall': 0.6428571428571429, 'f1': 0.6368715083798883}
No gradient function provided, creating a gradient function. If your Estimator requires transpilation, please provide a pass manager.
{'seed': 43, 'epsilon': 0.0, 'noise_type': 'depolarizing', 'level': 'L3', 'attack_success_rate': 0.19032258064516128, 'robustness_accuracy': 0.588, 'accuracy': 0.588, 'precision': 0.6470588235294118, 'recall': 0.49624060150375937, 'f1': 0.5617021276595745}
No gradient function provided, creating a gradient function. If your Estimator requires transpilation, please provide a pass manager.
{'seed': 43, 'epsilon': 0.0, 'noise_type': 'depolarizing', 'level': 'L4', 'attack_success_rate': 0.45806451612903226, 'robustness_accuracy': 0.494, 'accuracy': 0.494, 'precision': 0.5631067961165048, 'recall': 0.21804511278195488, 'f1': 0.3143631436314363}
No gradient function provided, creating a gradient function. If your Estimator requires transpilation, please provide a pass manager.
{'seed': 43, 'epsilon': 0.0, 'noise_type': 'phase_damping', 'level': 'L1', 'attack_success_rate': 0.05161290322580645, 'robustness_accuracy': 0.614, 'accuracy': 0.614, 'precision': 0.631768953068592, 'recall': 0.6578947368421053, 'f1': 0.6445672191528545}
No gradient function provided, creating a gradient function. If your Estimator requires transpilation, please provide a pass manager.
{'seed': 43, 'epsilon': 0.0, 'noise_type': 'phase_damping', 'level': 'L2', 'attack_success_rate': 0.06451612903225806, 'robustness_accuracy': 0.608, 'accuracy': 0.608, 'precision': 0.6277372262773723, 'recall': 0.6466165413533834, 'f1': 0.6370370370370371}
No gradient function provided, creating a gradient function. If your Estimator requires transpilation, please provide a pass manager.
{'seed': 43, 'epsilon': 0.0, 'noise_type': 'phase_damping', 'level': 'L3', 'attack_success_rate': 0.1032258064516129, 'robustness_accuracy': 0.596, 'accuracy': 0.596, 'precision': 0.628, 'recall': 0.5902255639097744, 'f1': 0.6085271317829457}
No gradient function provided, creating a gradient function. If your Estimator requires transpilation, please provide a pass manager.
{'seed': 43, 'epsilon': 0.0, 'noise_type': 'phase_damping', 'level': 'L4', 'attack_success_rate': 0.1935483870967742, 'robustness_accuracy': 0.584, 'accuracy': 0.584, 'precision': 0.645, 'recall': 0.4849624060150376, 'f1': 0.5536480686695279}
No gradient function provided, creating a gradient function. If your Estimator requires transpilation, please provide a pass manager.
{'seed': 43, 'epsilon': 0.0, 'noise_type': 'readout', 'level': 'L1', 'attack_success_rate': 0.041935483870967745, 'robustness_accuracy': 0.616, 'accuracy': 0.616, 'precision': 0.6321428571428571, 'recall': 0.6654135338345865, 'f1': 0.6483516483516484}
No gradient function provided, creating a gradient function. If your Estimator requires transpilation, please provide a pass manager.
{'seed': 43, 'epsilon': 0.0, 'noise_type': 'readout', 'level': 'L2', 'attack_success_rate': 0.04516129032258064, 'robustness_accuracy': 0.616, 'accuracy': 0.616, 'precision': 0.6321428571428571, 'recall': 0.6654135338345865, 'f1': 0.6483516483516484}
No gradient function provided, creating a gradient function. If your Estimator requires transpilation, please provide a pass manager.
{'seed': 43, 'epsilon': 0.0, 'noise_type': 'readout', 'level': 'L3', 'attack_success_rate': 0.04838709677419355, 'robustness_accuracy': 0.616, 'accuracy': 0.616, 'precision': 0.635036496350365, 'recall': 0.6541353383458647, 'f1': 0.6444444444444445}
No gradient function provided, creating a gradient function. If your Estimator requires transpilation, please provide a pass manager.
{'seed': 43, 'epsilon': 0.0, 'noise_type': 'readout', 'level': 'L4', 'attack_success_rate': 0.054838709677419356, 'robustness_accuracy': 0.612, 'accuracy': 0.612, 'precision': 0.6313868613138686, 'recall': 0.650375939849624, 'f1': 0.6407407407407407}
No gradient function provided, creating a gradient function. If your Estimator requires transpilation, please provide a pass manager.
{'seed': 43, 'epsilon': 0.0, 'noise_type': 'combined', 'level': 'L2', 'attack_success_rate': 0.06129032258064516, 'robustness_accuracy': 0.618, 'accuracy': 0.618, 'precision': 0.6415094339622641, 'recall': 0.6390977443609023, 'f1': 0.64030131826742}
No gradient function provided, creating a gradient function. If your Estimator requires transpilation, please provide a pass manager.
{'seed': 43, 'epsilon': 0.02, 'noise_type': 'none', 'level': 'L0', 'attack_success_rate': 0.4, 'robustness_accuracy': 0.576, 'accuracy': 0.576, 'precision': 0.5985401459854015, 'recall': 0.6165413533834586, 'f1': 0.6074074074074074}
No gradient function provided, creating a gradient function. If your Estimator requires transpilation, please provide a pass manager.
{'seed': 43, 'epsilon': 0.02, 'noise_type': 'depolarizing', 'level': 'L1', 'attack_success_rate': 0.3903225806451613, 'robustness_accuracy': 0.578, 'accuracy': 0.578, 'precision': 0.602996254681648, 'recall': 0.6052631578947368, 'f1': 0.6041275797373359}
No gradient function provided, creating a gradient function. If your Estimator requires transpilation, please provide a pass manager.
{'seed': 43, 'epsilon': 0.02, 'noise_type': 'depolarizing', 'level': 'L2', 'attack_success_rate': 0.4032258064516129, 'robustness_accuracy': 0.572, 'accuracy': 0.572, 'precision': 0.6015625, 'recall': 0.5789473684210527, 'f1': 0.5900383141762452}
No gradient function provided, creating a gradient function. If your Estimator requires transpilation, please provide a pass manager.
{'seed': 43, 'epsilon': 0.02, 'noise_type': 'depolarizing', 'level': 'L3', 'attack_success_rate': 0.42258064516129035, 'robustness_accuracy': 0.56, 'accuracy': 0.56, 'precision': 0.64375, 'recall': 0.38721804511278196, 'f1': 0.4835680751173709}
No gradient function provided, creating a gradient function. If your Estimator requires transpilation, please provide a pass manager.
{'seed': 43, 'epsilon': 0.02, 'noise_type': 'depolarizing', 'level': 'L4', 'attack_success_rate': 0.5483870967741935, 'robustness_accuracy': 0.492, 'accuracy': 0.492, 'precision': 0.575, 'recall': 0.17293233082706766, 'f1': 0.2658959537572254}
No gradient function provided, creating a gradient function. If your Estimator requires transpilation, please provide a pass manager.
{'seed': 43, 'epsilon': 0.02, 'noise_type': 'phase_damping', 'level': 'L1', 'attack_success_rate': 0.3935483870967742, 'robustness_accuracy': 0.578, 'accuracy': 0.578, 'precision': 0.6007326007326007, 'recall': 0.6165413533834586, 'f1': 0.608534322820037}
No gradient function provided, creating a gradient function. If your Estimator requires transpilation, please provide a pass manager.
{'seed': 43, 'epsilon': 0.02, 'noise_type': 'phase_damping', 'level': 'L2', 'attack_success_rate': 0.3935483870967742, 'robustness_accuracy': 0.578, 'accuracy': 0.578, 'precision': 0.6037735849056604, 'recall': 0.6015037593984962, 'f1': 0.6026365348399246}
No gradient function provided, creating a gradient function. If your Estimator requires transpilation, please provide a pass manager.
{'seed': 43, 'epsilon': 0.02, 'noise_type': 'phase_damping', 'level': 'L3', 'attack_success_rate': 0.38064516129032255, 'robustness_accuracy': 0.592, 'accuracy': 0.592, 'precision': 0.6371681415929203, 'recall': 0.5413533834586466, 'f1': 0.5853658536585366}
No gradient function provided, creating a gradient function. If your Estimator requires transpilation, please provide a pass manager.
{'seed': 43, 'epsilon': 0.02, 'noise_type': 'phase_damping', 'level': 'L4', 'attack_success_rate': 0.4258064516129032, 'robustness_accuracy': 0.57, 'accuracy': 0.57, 'precision': 0.656441717791411, 'recall': 0.40225563909774437, 'f1': 0.4988344988344988}
No gradient function provided, creating a gradient function. If your Estimator requires transpilation, please provide a pass manager.
{'seed': 43, 'epsilon': 0.02, 'noise_type': 'readout', 'level': 'L1', 'attack_success_rate': 0.38387096774193546, 'robustness_accuracy': 0.582, 'accuracy': 0.582, 'precision': 0.6028880866425993, 'recall': 0.6278195488721805, 'f1': 0.6151012891344383}
No gradient function provided, creating a gradient function. If your Estimator requires transpilation, please provide a pass manager.
{'seed': 43, 'epsilon': 0.02, 'noise_type': 'readout', 'level': 'L2', 'attack_success_rate': 0.3903225806451613, 'robustness_accuracy': 0.574, 'accuracy': 0.574, 'precision': 0.594306049822064, 'recall': 0.6278195488721805, 'f1': 0.6106032906764168}
No gradient function provided, creating a gradient function. If your Estimator requires transpilation, please provide a pass manager.
{'seed': 43, 'epsilon': 0.02, 'noise_type': 'readout', 'level': 'L3', 'attack_success_rate': 0.3903225806451613, 'robustness_accuracy': 0.578, 'accuracy': 0.578, 'precision': 0.5992779783393501, 'recall': 0.6240601503759399, 'f1': 0.6114180478821363}
No gradient function provided, creating a gradient function. If your Estimator requires transpilation, please provide a pass manager.
{'seed': 43, 'epsilon': 0.02, 'noise_type': 'readout', 'level': 'L4', 'attack_success_rate': 0.3774193548387097, 'robustness_accuracy': 0.59, 'accuracy': 0.59, 'precision': 0.6150943396226415, 'recall': 0.6127819548872181, 'f1': 0.6139359698681732}
No gradient function provided, creating a gradient function. If your Estimator requires transpilation, please provide a pass manager.
{'seed': 43, 'epsilon': 0.02, 'noise_type': 'combined', 'level': 'L2', 'attack_success_rate': 0.3903225806451613, 'robustness_accuracy': 0.578, 'accuracy': 0.578, 'precision': 0.6070038910505836, 'recall': 0.5864661654135338, 'f1': 0.5965583173996176}
No gradient function provided, creating a gradient function. If your Estimator requires transpilation, please provide a pass manager.
{'seed': 43, 'epsilon': 0.05, 'noise_type': 'none', 'level': 'L0', 'attack_success_rate': 0.6161290322580645, 'robustness_accuracy': 0.516, 'accuracy': 0.516, 'precision': 0.5451127819548872, 'recall': 0.5451127819548872, 'f1': 0.5451127819548872}
No gradient function provided, creating a gradient function. If your Estimator requires transpilation, please provide a pass manager.
{'seed': 43, 'epsilon': 0.05, 'noise_type': 'depolarizing', 'level': 'L1', 'attack_success_rate': 0.6193548387096774, 'robustness_accuracy': 0.516, 'accuracy': 0.516, 'precision': 0.5461538461538461, 'recall': 0.5338345864661654, 'f1': 0.5399239543726235}
No gradient function provided, creating a gradient function. If your Estimator requires transpilation, please provide a pass manager.
{'seed': 43, 'epsilon': 0.05, 'noise_type': 'depolarizing', 'level': 'L2', 'attack_success_rate': 0.6064516129032258, 'robustness_accuracy': 0.522, 'accuracy': 0.522, 'precision': 0.5542168674698795, 'recall': 0.518796992481203, 'f1': 0.5359223300970873}
No gradient function provided, creating a gradient function. If your Estimator requires transpilation, please provide a pass manager.
{'seed': 43, 'epsilon': 0.05, 'noise_type': 'depolarizing', 'level': 'L3', 'attack_success_rate': 0.6419354838709678, 'robustness_accuracy': 0.496, 'accuracy': 0.496, 'precision': 0.5416666666666666, 'recall': 0.34210526315789475, 'f1': 0.41935483870967744}
No gradient function provided, creating a gradient function. If your Estimator requires transpilation, please provide a pass manager.
{'seed': 43, 'epsilon': 0.05, 'noise_type': 'depolarizing', 'level': 'L4', 'attack_success_rate': 0.5935483870967742, 'robustness_accuracy': 0.49, 'accuracy': 0.49, 'precision': 0.5662650602409639, 'recall': 0.17669172932330826, 'f1': 0.2693409742120344}
No gradient function provided, creating a gradient function. If your Estimator requires transpilation, please provide a pass manager.
{'seed': 43, 'epsilon': 0.05, 'noise_type': 'phase_damping', 'level': 'L1', 'attack_success_rate': 0.6129032258064516, 'robustness_accuracy': 0.518, 'accuracy': 0.518, 'precision': 0.5478927203065134, 'recall': 0.5375939849624061, 'f1': 0.5426944971537002}
No gradient function provided, creating a gradient function. If your Estimator requires transpilation, please provide a pass manager.
{'seed': 43, 'epsilon': 0.05, 'noise_type': 'phase_damping', 'level': 'L2', 'attack_success_rate': 0.6161290322580645, 'robustness_accuracy': 0.52, 'accuracy': 0.52, 'precision': 0.5511811023622047, 'recall': 0.5263157894736842, 'f1': 0.5384615384615384}
No gradient function provided, creating a gradient function. If your Estimator requires transpilation, please provide a pass manager.
{'seed': 43, 'epsilon': 0.05, 'noise_type': 'phase_damping', 'level': 'L3', 'attack_success_rate': 0.6483870967741936, 'robustness_accuracy': 0.498, 'accuracy': 0.498, 'precision': 0.5352112676056338, 'recall': 0.42857142857142855, 'f1': 0.4759916492693111}
No gradient function provided, creating a gradient function. If your Estimator requires transpilation, please provide a pass manager.
{'seed': 43, 'epsilon': 0.05, 'noise_type': 'phase_damping', 'level': 'L4', 'attack_success_rate': 0.6387096774193548, 'robustness_accuracy': 0.494, 'accuracy': 0.494, 'precision': 0.5403726708074534, 'recall': 0.32706766917293234, 'f1': 0.40749414519906324}
No gradient function provided, creating a gradient function. If your Estimator requires transpilation, please provide a pass manager.
{'seed': 43, 'epsilon': 0.05, 'noise_type': 'readout', 'level': 'L1', 'attack_success_rate': 0.6225806451612903, 'robustness_accuracy': 0.51, 'accuracy': 0.51, 'precision': 0.5399239543726235, 'recall': 0.5338345864661654, 'f1': 0.5368620037807184}
No gradient function provided, creating a gradient function. If your Estimator requires transpilation, please provide a pass manager.
{'seed': 43, 'epsilon': 0.05, 'noise_type': 'readout', 'level': 'L2', 'attack_success_rate': 0.6258064516129033, 'robustness_accuracy': 0.508, 'accuracy': 0.508, 'precision': 0.5381679389312977, 'recall': 0.5300751879699248, 'f1': 0.5340909090909091}
No gradient function provided, creating a gradient function. If your Estimator requires transpilation, please provide a pass manager.
{'seed': 43, 'epsilon': 0.05, 'noise_type': 'readout', 'level': 'L3', 'attack_success_rate': 0.6161290322580645, 'robustness_accuracy': 0.516, 'accuracy': 0.516, 'precision': 0.5458015267175572, 'recall': 0.5375939849624061, 'f1': 0.5416666666666666}
No gradient function provided, creating a gradient function. If your Estimator requires transpilation, please provide a pass manager.
{'seed': 43, 'epsilon': 0.05, 'noise_type': 'readout', 'level': 'L4', 'attack_success_rate': 0.6161290322580645, 'robustness_accuracy': 0.52, 'accuracy': 0.52, 'precision': 0.5515873015873016, 'recall': 0.5225563909774437, 'f1': 0.5366795366795367}
No gradient function provided, creating a gradient function. If your Estimator requires transpilation, please provide a pass manager.
{'seed': 43, 'epsilon': 0.05, 'noise_type': 'combined', 'level': 'L2', 'attack_success_rate': 0.6193548387096774, 'robustness_accuracy': 0.516, 'accuracy': 0.516, 'precision': 0.5483870967741935, 'recall': 0.5112781954887218, 'f1': 0.5291828793774319}
No gradient function provided, creating a gradient function. If your Estimator requires transpilation, please provide a pass manager.
{'seed': 43, 'epsilon': 0.1, 'noise_type': 'none', 'level': 'L0', 'attack_success_rate': 0.4290322580645161, 'robustness_accuracy': 0.596, 'accuracy': 0.596, 'precision': 0.6230769230769231, 'recall': 0.6090225563909775, 'f1': 0.6159695817490495}
No gradient function provided, creating a gradient function. If your Estimator requires transpilation, please provide a pass manager.
{'seed': 43, 'epsilon': 0.1, 'noise_type': 'depolarizing', 'level': 'L1', 'attack_success_rate': 0.432258064516129, 'robustness_accuracy': 0.598, 'accuracy': 0.598, 'precision': 0.6294820717131474, 'recall': 0.5939849624060151, 'f1': 0.6112185686653772}
No gradient function provided, creating a gradient function. If your Estimator requires transpilation, please provide a pass manager.
{'seed': 43, 'epsilon': 0.1, 'noise_type': 'depolarizing', 'level': 'L2', 'attack_success_rate': 0.4290322580645161, 'robustness_accuracy': 0.596, 'accuracy': 0.596, 'precision': 0.6311475409836066, 'recall': 0.5789473684210527, 'f1': 0.6039215686274509}
No gradient function provided, creating a gradient function. If your Estimator requires transpilation, please provide a pass manager.
{'seed': 43, 'epsilon': 0.1, 'noise_type': 'depolarizing', 'level': 'L3', 'attack_success_rate': 0.4935483870967742, 'robustness_accuracy': 0.552, 'accuracy': 0.552, 'precision': 0.6206896551724138, 'recall': 0.40601503759398494, 'f1': 0.4909090909090909}
No gradient function provided, creating a gradient function. If your Estimator requires transpilation, please provide a pass manager.
{'seed': 43, 'epsilon': 0.1, 'noise_type': 'depolarizing', 'level': 'L4', 'attack_success_rate': 0.5645161290322581, 'robustness_accuracy': 0.51, 'accuracy': 0.51, 'precision': 0.6105263157894737, 'recall': 0.21804511278195488, 'f1': 0.32132963988919666}
No gradient function provided, creating a gradient function. If your Estimator requires transpilation, please provide a pass manager.
{'seed': 43, 'epsilon': 0.1, 'noise_type': 'phase_damping', 'level': 'L1', 'attack_success_rate': 0.43548387096774194, 'robustness_accuracy': 0.594, 'accuracy': 0.594, 'precision': 0.6235294117647059, 'recall': 0.5977443609022557, 'f1': 0.6103646833013435}
No gradient function provided, creating a gradient function. If your Estimator requires transpilation, please provide a pass manager.
{'seed': 43, 'epsilon': 0.1, 'noise_type': 'phase_damping', 'level': 'L2', 'attack_success_rate': 0.4290322580645161, 'robustness_accuracy': 0.598, 'accuracy': 0.598, 'precision': 0.6305220883534136, 'recall': 0.5902255639097744, 'f1': 0.6097087378640776}
No gradient function provided, creating a gradient function. If your Estimator requires transpilation, please provide a pass manager.
{'seed': 43, 'epsilon': 0.1, 'noise_type': 'phase_damping', 'level': 'L3', 'attack_success_rate': 0.432258064516129, 'robustness_accuracy': 0.592, 'accuracy': 0.592, 'precision': 0.6422018348623854, 'recall': 0.5263157894736842, 'f1': 0.5785123966942148}
No gradient function provided, creating a gradient function. If your Estimator requires transpilation, please provide a pass manager.
{'seed': 43, 'epsilon': 0.1, 'noise_type': 'phase_damping', 'level': 'L4', 'attack_success_rate': 0.49032258064516127, 'robustness_accuracy': 0.546, 'accuracy': 0.546, 'precision': 0.6140350877192983, 'recall': 0.39473684210526316, 'f1': 0.4805491990846682}
No gradient function provided, creating a gradient function. If your Estimator requires transpilation, please provide a pass manager.
{'seed': 43, 'epsilon': 0.1, 'noise_type': 'readout', 'level': 'L1', 'attack_success_rate': 0.4258064516129032, 'robustness_accuracy': 0.598, 'accuracy': 0.598, 'precision': 0.6254826254826255, 'recall': 0.6090225563909775, 'f1': 0.6171428571428571}
No gradient function provided, creating a gradient function. If your Estimator requires transpilation, please provide a pass manager.
{'seed': 43, 'epsilon': 0.1, 'noise_type': 'readout', 'level': 'L2', 'attack_success_rate': 0.4161290322580645, 'robustness_accuracy': 0.604, 'accuracy': 0.604, 'precision': 0.6328125, 'recall': 0.6090225563909775, 'f1': 0.6206896551724138}
No gradient function provided, creating a gradient function. If your Estimator requires transpilation, please provide a pass manager.
{'seed': 43, 'epsilon': 0.1, 'noise_type': 'readout', 'level': 'L3', 'attack_success_rate': 0.4161290322580645, 'robustness_accuracy': 0.604, 'accuracy': 0.604, 'precision': 0.6317829457364341, 'recall': 0.6127819548872181, 'f1': 0.6221374045801527}
No gradient function provided, creating a gradient function. If your Estimator requires transpilation, please provide a pass manager.
{'seed': 43, 'epsilon': 0.1, 'noise_type': 'readout', 'level': 'L4', 'attack_success_rate': 0.4258064516129032, 'robustness_accuracy': 0.598, 'accuracy': 0.598, 'precision': 0.6284584980237155, 'recall': 0.5977443609022557, 'f1': 0.6127167630057804}
No gradient function provided, creating a gradient function. If your Estimator requires transpilation, please provide a pass manager.
{'seed': 43, 'epsilon': 0.1, 'noise_type': 'combined', 'level': 'L2', 'attack_success_rate': 0.42258064516129035, 'robustness_accuracy': 0.602, 'accuracy': 0.602, 'precision': 0.636734693877551, 'recall': 0.5864661654135338, 'f1': 0.6105675146771037}
No gradient function provided, creating a gradient function. If your Estimator requires transpilation, please provide a pass manager.
{'seed': 43, 'epsilon': 0.15, 'noise_type': 'none', 'level': 'L0', 'attack_success_rate': 0.36451612903225805, 'robustness_accuracy': 0.602, 'accuracy': 0.602, 'precision': 0.6200716845878136, 'recall': 0.650375939849624, 'f1': 0.634862385321101}
No gradient function provided, creating a gradient function. If your Estimator requires transpilation, please provide a pass manager.
{'seed': 43, 'epsilon': 0.15, 'noise_type': 'depolarizing', 'level': 'L1', 'attack_success_rate': 0.3741935483870968, 'robustness_accuracy': 0.594, 'accuracy': 0.594, 'precision': 0.6145454545454545, 'recall': 0.6353383458646616, 'f1': 0.6247689463955638}
No gradient function provided, creating a gradient function. If your Estimator requires transpilation, please provide a pass manager.
{'seed': 43, 'epsilon': 0.15, 'noise_type': 'depolarizing', 'level': 'L2', 'attack_success_rate': 0.3870967741935484, 'robustness_accuracy': 0.586, 'accuracy': 0.586, 'precision': 0.6096654275092936, 'recall': 0.6165413533834586, 'f1': 0.6130841121495327}
No gradient function provided, creating a gradient function. If your Estimator requires transpilation, please provide a pass manager.
{'seed': 43, 'epsilon': 0.15, 'noise_type': 'depolarizing', 'level': 'L3', 'attack_success_rate': 0.45806451612903226, 'robustness_accuracy': 0.55, 'accuracy': 0.55, 'precision': 0.6073298429319371, 'recall': 0.43609022556390975, 'f1': 0.5076586433260394}
No gradient function provided, creating a gradient function. If your Estimator requires transpilation, please provide a pass manager.
{'seed': 43, 'epsilon': 0.15, 'noise_type': 'depolarizing', 'level': 'L4', 'attack_success_rate': 0.5741935483870968, 'robustness_accuracy': 0.478, 'accuracy': 0.478, 'precision': 0.5257731958762887, 'recall': 0.19172932330827067, 'f1': 0.2809917355371901}
No gradient function provided, creating a gradient function. If your Estimator requires transpilation, please provide a pass manager.
{'seed': 43, 'epsilon': 0.15, 'noise_type': 'phase_damping', 'level': 'L1', 'attack_success_rate': 0.3774193548387097, 'robustness_accuracy': 0.59, 'accuracy': 0.59, 'precision': 0.6101083032490975, 'recall': 0.6353383458646616, 'f1': 0.6224677716390423}
No gradient function provided, creating a gradient function. If your Estimator requires transpilation, please provide a pass manager.
{'seed': 43, 'epsilon': 0.15, 'noise_type': 'phase_damping', 'level': 'L2', 'attack_success_rate': 0.3774193548387097, 'robustness_accuracy': 0.59, 'accuracy': 0.59, 'precision': 0.610909090909091, 'recall': 0.631578947368421, 'f1': 0.6210720887245841}
No gradient function provided, creating a gradient function. If your Estimator requires transpilation, please provide a pass manager.
{'seed': 43, 'epsilon': 0.15, 'noise_type': 'phase_damping', 'level': 'L3', 'attack_success_rate': 0.3903225806451613, 'robustness_accuracy': 0.582, 'accuracy': 0.582, 'precision': 0.6172839506172839, 'recall': 0.5639097744360902, 'f1': 0.5893909626719057}
No gradient function provided, creating a gradient function. If your Estimator requires transpilation, please provide a pass manager.
{'seed': 43, 'epsilon': 0.15, 'noise_type': 'phase_damping', 'level': 'L4', 'attack_success_rate': 0.4290322580645161, 'robustness_accuracy': 0.568, 'accuracy': 0.568, 'precision': 0.6275510204081632, 'recall': 0.462406015037594, 'f1': 0.5324675324675324}
No gradient function provided, creating a gradient function. If your Estimator requires transpilation, please provide a pass manager.
{'seed': 43, 'epsilon': 0.15, 'noise_type': 'readout', 'level': 'L1', 'attack_success_rate': 0.36451612903225805, 'robustness_accuracy': 0.6, 'accuracy': 0.6, 'precision': 0.6187050359712231, 'recall': 0.6466165413533834, 'f1': 0.6323529411764706}
No gradient function provided, creating a gradient function. If your Estimator requires transpilation, please provide a pass manager.
{'seed': 43, 'epsilon': 0.15, 'noise_type': 'readout', 'level': 'L2', 'attack_success_rate': 0.3709677419354839, 'robustness_accuracy': 0.6, 'accuracy': 0.6, 'precision': 0.6187050359712231, 'recall': 0.6466165413533834, 'f1': 0.6323529411764706}
No gradient function provided, creating a gradient function. If your Estimator requires transpilation, please provide a pass manager.
{'seed': 43, 'epsilon': 0.15, 'noise_type': 'readout', 'level': 'L3', 'attack_success_rate': 0.3774193548387097, 'robustness_accuracy': 0.594, 'accuracy': 0.594, 'precision': 0.6129032258064516, 'recall': 0.6428571428571429, 'f1': 0.6275229357798165}
No gradient function provided, creating a gradient function. If your Estimator requires transpilation, please provide a pass manager.
{'seed': 43, 'epsilon': 0.15, 'noise_type': 'readout', 'level': 'L4', 'attack_success_rate': 0.3935483870967742, 'robustness_accuracy': 0.584, 'accuracy': 0.584, 'precision': 0.6074074074074074, 'recall': 0.6165413533834586, 'f1': 0.6119402985074627}
No gradient function provided, creating a gradient function. If your Estimator requires transpilation, please provide a pass manager.
{'seed': 43, 'epsilon': 0.15, 'noise_type': 'combined', 'level': 'L2', 'attack_success_rate': 0.38387096774193546, 'robustness_accuracy': 0.588, 'accuracy': 0.588, 'precision': 0.6119402985074627, 'recall': 0.6165413533834586, 'f1': 0.6142322097378277}
No gradient function provided, creating a gradient function. If your Estimator requires transpilation, please provide a pass manager.
{'seed': 43, 'epsilon': 0.2, 'noise_type': 'none', 'level': 'L0', 'attack_success_rate': 0.4096774193548387, 'robustness_accuracy': 0.538, 'accuracy': 0.538, 'precision': 0.5627240143369175, 'recall': 0.5902255639097744, 'f1': 0.5761467889908257}
No gradient function provided, creating a gradient function. If your Estimator requires transpilation, please provide a pass manager.
{'seed': 43, 'epsilon': 0.2, 'noise_type': 'depolarizing', 'level': 'L1', 'attack_success_rate': 0.41935483870967744, 'robustness_accuracy': 0.536, 'accuracy': 0.536, 'precision': 0.562962962962963, 'recall': 0.5714285714285714, 'f1': 0.5671641791044776}
No gradient function provided, creating a gradient function. If your Estimator requires transpilation, please provide a pass manager.
{'seed': 43, 'epsilon': 0.2, 'noise_type': 'depolarizing', 'level': 'L2', 'attack_success_rate': 0.4290322580645161, 'robustness_accuracy': 0.526, 'accuracy': 0.526, 'precision': 0.5551330798479087, 'recall': 0.5488721804511278, 'f1': 0.5519848771266541}
No gradient function provided, creating a gradient function. If your Estimator requires transpilation, please provide a pass manager.
{'seed': 43, 'epsilon': 0.2, 'noise_type': 'depolarizing', 'level': 'L3', 'attack_success_rate': 0.43548387096774194, 'robustness_accuracy': 0.522, 'accuracy': 0.522, 'precision': 0.5699481865284974, 'recall': 0.41353383458646614, 'f1': 0.4793028322440087}
No gradient function provided, creating a gradient function. If your Estimator requires transpilation, please provide a pass manager.
{'seed': 43, 'epsilon': 0.2, 'noise_type': 'depolarizing', 'level': 'L4', 'attack_success_rate': 0.5516129032258065, 'robustness_accuracy': 0.474, 'accuracy': 0.474, 'precision': 0.5151515151515151, 'recall': 0.19172932330827067, 'f1': 0.27945205479452057}
No gradient function provided, creating a gradient function. If your Estimator requires transpilation, please provide a pass manager.
{'seed': 43, 'epsilon': 0.2, 'noise_type': 'phase_damping', 'level': 'L1', 'attack_success_rate': 0.4064516129032258, 'robustness_accuracy': 0.542, 'accuracy': 0.542, 'precision': 0.5672727272727273, 'recall': 0.5864661654135338, 'f1': 0.5767097966728281}
No gradient function provided, creating a gradient function. If your Estimator requires transpilation, please provide a pass manager.
{'seed': 43, 'epsilon': 0.2, 'noise_type': 'phase_damping', 'level': 'L2', 'attack_success_rate': 0.42258064516129035, 'robustness_accuracy': 0.532, 'accuracy': 0.532, 'precision': 0.5592592592592592, 'recall': 0.5676691729323309, 'f1': 0.5634328358208955}
No gradient function provided, creating a gradient function. If your Estimator requires transpilation, please provide a pass manager.
{'seed': 43, 'epsilon': 0.2, 'noise_type': 'phase_damping', 'level': 'L3', 'attack_success_rate': 0.4129032258064516, 'robustness_accuracy': 0.54, 'accuracy': 0.54, 'precision': 0.5769230769230769, 'recall': 0.5075187969924813, 'f1': 0.54}
No gradient function provided, creating a gradient function. If your Estimator requires transpilation, please provide a pass manager.
{'seed': 43, 'epsilon': 0.2, 'noise_type': 'phase_damping', 'level': 'L4', 'attack_success_rate': 0.4483870967741935, 'robustness_accuracy': 0.522, 'accuracy': 0.522, 'precision': 0.5714285714285714, 'recall': 0.40601503759398494, 'f1': 0.4747252747252747}
No gradient function provided, creating a gradient function. If your Estimator requires transpilation, please provide a pass manager.
{'seed': 43, 'epsilon': 0.2, 'noise_type': 'readout', 'level': 'L1', 'attack_success_rate': 0.4129032258064516, 'robustness_accuracy': 0.536, 'accuracy': 0.536, 'precision': 0.5611510791366906, 'recall': 0.5864661654135338, 'f1': 0.5735294117647058}
No gradient function provided, creating a gradient function. If your Estimator requires transpilation, please provide a pass manager.
{'seed': 43, 'epsilon': 0.2, 'noise_type': 'readout', 'level': 'L2', 'attack_success_rate': 0.4129032258064516, 'robustness_accuracy': 0.536, 'accuracy': 0.536, 'precision': 0.5611510791366906, 'recall': 0.5864661654135338, 'f1': 0.5735294117647058}
No gradient function provided, creating a gradient function. If your Estimator requires transpilation, please provide a pass manager.
{'seed': 43, 'epsilon': 0.2, 'noise_type': 'readout', 'level': 'L3', 'attack_success_rate': 0.4129032258064516, 'robustness_accuracy': 0.542, 'accuracy': 0.542, 'precision': 0.5682656826568265, 'recall': 0.5789473684210527, 'f1': 0.5735567970204841}
No gradient function provided, creating a gradient function. If your Estimator requires transpilation, please provide a pass manager.
{'seed': 43, 'epsilon': 0.2, 'noise_type': 'readout', 'level': 'L4', 'attack_success_rate': 0.42258064516129035, 'robustness_accuracy': 0.538, 'accuracy': 0.538, 'precision': 0.5650557620817844, 'recall': 0.5714285714285714, 'f1': 0.5682242990654206}
No gradient function provided, creating a gradient function. If your Estimator requires transpilation, please provide a pass manager.
{'seed': 43, 'epsilon': 0.2, 'noise_type': 'combined', 'level': 'L2', 'attack_success_rate': 0.432258064516129, 'robustness_accuracy': 0.522, 'accuracy': 0.522, 'precision': 0.5521235521235521, 'recall': 0.5375939849624061, 'f1': 0.5447619047619048}
No gradient function provided, creating a gradient function. If your Estimator requires transpilation, please provide a pass manager.
{'seed': 43, 'epsilon': 0.3, 'noise_type': 'none', 'level': 'L0', 'attack_success_rate': 0.4935483870967742, 'robustness_accuracy': 0.524, 'accuracy': 0.524, 'precision': 0.5546875, 'recall': 0.5338345864661654, 'f1': 0.5440613026819924}
No gradient function provided, creating a gradient function. If your Estimator requires transpilation, please provide a pass manager.
{'seed': 43, 'epsilon': 0.3, 'noise_type': 'depolarizing', 'level': 'L1', 'attack_success_rate': 0.49032258064516127, 'robustness_accuracy': 0.52, 'accuracy': 0.52, 'precision': 0.5524193548387096, 'recall': 0.5150375939849624, 'f1': 0.5330739299610895}
No gradient function provided, creating a gradient function. If your Estimator requires transpilation, please provide a pass manager.
{'seed': 43, 'epsilon': 0.3, 'noise_type': 'depolarizing', 'level': 'L2', 'attack_success_rate': 0.4870967741935484, 'robustness_accuracy': 0.518, 'accuracy': 0.518, 'precision': 0.5518672199170125, 'recall': 0.5, 'f1': 0.52465483234714}
No gradient function provided, creating a gradient function. If your Estimator requires transpilation, please provide a pass manager.
{'seed': 43, 'epsilon': 0.3, 'noise_type': 'depolarizing', 'level': 'L3', 'attack_success_rate': 0.5096774193548387, 'robustness_accuracy': 0.502, 'accuracy': 0.502, 'precision': 0.5480225988700564, 'recall': 0.36466165413533835, 'f1': 0.43792325056433407}
No gradient function provided, creating a gradient function. If your Estimator requires transpilation, please provide a pass manager.
{'seed': 43, 'epsilon': 0.3, 'noise_type': 'depolarizing', 'level': 'L4', 'attack_success_rate': 0.567741935483871, 'robustness_accuracy': 0.476, 'accuracy': 0.476, 'precision': 0.5196078431372549, 'recall': 0.19924812030075187, 'f1': 0.28804347826086957}
No gradient function provided, creating a gradient function. If your Estimator requires transpilation, please provide a pass manager.
{'seed': 43, 'epsilon': 0.3, 'noise_type': 'phase_damping', 'level': 'L1', 'attack_success_rate': 0.4935483870967742, 'robustness_accuracy': 0.522, 'accuracy': 0.522, 'precision': 0.5542168674698795, 'recall': 0.518796992481203, 'f1': 0.5359223300970873}
No gradient function provided, creating a gradient function. If your Estimator requires transpilation, please provide a pass manager.
{'seed': 43, 'epsilon': 0.3, 'noise_type': 'phase_damping', 'level': 'L2', 'attack_success_rate': 0.4806451612903226, 'robustness_accuracy': 0.528, 'accuracy': 0.528, 'precision': 0.5609756097560976, 'recall': 0.518796992481203, 'f1': 0.5390625}
No gradient function provided, creating a gradient function. If your Estimator requires transpilation, please provide a pass manager.
{'seed': 43, 'epsilon': 0.3, 'noise_type': 'phase_damping', 'level': 'L3', 'attack_success_rate': 0.47419354838709676, 'robustness_accuracy': 0.524, 'accuracy': 0.524, 'precision': 0.5619469026548672, 'recall': 0.4774436090225564, 'f1': 0.516260162601626}
No gradient function provided, creating a gradient function. If your Estimator requires transpilation, please provide a pass manager.
{'seed': 43, 'epsilon': 0.3, 'noise_type': 'phase_damping', 'level': 'L4', 'attack_success_rate': 0.5, 'robustness_accuracy': 0.514, 'accuracy': 0.514, 'precision': 0.5642458100558659, 'recall': 0.37969924812030076, 'f1': 0.45393258426966293}
No gradient function provided, creating a gradient function. If your Estimator requires transpilation, please provide a pass manager.
{'seed': 43, 'epsilon': 0.3, 'noise_type': 'readout', 'level': 'L1', 'attack_success_rate': 0.5032258064516129, 'robustness_accuracy': 0.514, 'accuracy': 0.514, 'precision': 0.5450980392156862, 'recall': 0.5225563909774437, 'f1': 0.5335892514395394}
No gradient function provided, creating a gradient function. If your Estimator requires transpilation, please provide a pass manager.
{'seed': 43, 'epsilon': 0.3, 'noise_type': 'readout', 'level': 'L2', 'attack_success_rate': 0.5, 'robustness_accuracy': 0.52, 'accuracy': 0.52, 'precision': 0.552, 'recall': 0.518796992481203, 'f1': 0.5348837209302325}
No gradient function provided, creating a gradient function. If your Estimator requires transpilation, please provide a pass manager.
{'seed': 43, 'epsilon': 0.3, 'noise_type': 'readout', 'level': 'L3', 'attack_success_rate': 0.5129032258064516, 'robustness_accuracy': 0.504, 'accuracy': 0.504, 'precision': 0.536, 'recall': 0.5037593984962406, 'f1': 0.5193798449612403}
No gradient function provided, creating a gradient function. If your Estimator requires transpilation, please provide a pass manager.
{'seed': 43, 'epsilon': 0.3, 'noise_type': 'readout', 'level': 'L4', 'attack_success_rate': 0.4967741935483871, 'robustness_accuracy': 0.51, 'accuracy': 0.51, 'precision': 0.5432098765432098, 'recall': 0.49624060150375937, 'f1': 0.518664047151277}
No gradient function provided, creating a gradient function. If your Estimator requires transpilation, please provide a pass manager.
{'seed': 43, 'epsilon': 0.3, 'noise_type': 'combined', 'level': 'L2', 'attack_success_rate': 0.4870967741935484, 'robustness_accuracy': 0.516, 'accuracy': 0.516, 'precision': 0.55, 'recall': 0.49624060150375937, 'f1': 0.5217391304347826}
=== seed 44 ===
No gradient function provided, creating a gradient function. If your Estimator requires transpilation, please provide a pass manager.
No gradient function provided, creating a gradient function. If your Estimator requires transpilation, please provide a pass manager.
{'seed': 44, 'epsilon': 0.0, 'noise_type': 'none', 'level': 'L0', 'attack_success_rate': 0.02364864864864865, 'robustness_accuracy': 0.614, 'accuracy': 0.614, 'precision': 0.6123076923076923, 'recall': 0.7481203007518797, 'f1': 0.6734348561759729}
No gradient function provided, creating a gradient function. If your Estimator requires transpilation, please provide a pass manager.
{'seed': 44, 'epsilon': 0.0, 'noise_type': 'depolarizing', 'level': 'L1', 'attack_success_rate': 0.02702702702702703, 'robustness_accuracy': 0.608, 'accuracy': 0.608, 'precision': 0.6047904191616766, 'recall': 0.7593984962406015, 'f1': 0.6733333333333333}
No gradient function provided, creating a gradient function. If your Estimator requires transpilation, please provide a pass manager.
{'seed': 44, 'epsilon': 0.0, 'noise_type': 'depolarizing', 'level': 'L2', 'attack_success_rate': 0.04054054054054054, 'robustness_accuracy': 0.606, 'accuracy': 0.606, 'precision': 0.5994236311239193, 'recall': 0.7819548872180451, 'f1': 0.6786296900489397}
No gradient function provided, creating a gradient function. If your Estimator requires transpilation, please provide a pass manager.
{'seed': 44, 'epsilon': 0.0, 'noise_type': 'depolarizing', 'level': 'L3', 'attack_success_rate': 0.14864864864864866, 'robustness_accuracy': 0.578, 'accuracy': 0.578, 'precision': 0.569620253164557, 'recall': 0.8458646616541353, 'f1': 0.680786686838124}
No gradient function provided, creating a gradient function. If your Estimator requires transpilation, please provide a pass manager.
{'seed': 44, 'epsilon': 0.0, 'noise_type': 'depolarizing', 'level': 'L4', 'attack_success_rate': 0.2905405405405405, 'robustness_accuracy': 0.544, 'accuracy': 0.544, 'precision': 0.5431818181818182, 'recall': 0.8984962406015038, 'f1': 0.6770538243626062}
No gradient function provided, creating a gradient function. If your Estimator requires transpilation, please provide a pass manager.
{'seed': 44, 'epsilon': 0.0, 'noise_type': 'phase_damping', 'level': 'L1', 'attack_success_rate': 0.02027027027027027, 'robustness_accuracy': 0.616, 'accuracy': 0.616, 'precision': 0.6114457831325302, 'recall': 0.7631578947368421, 'f1': 0.6789297658862876}
No gradient function provided, creating a gradient function. If your Estimator requires transpilation, please provide a pass manager.
{'seed': 44, 'epsilon': 0.0, 'noise_type': 'phase_damping', 'level': 'L2', 'attack_success_rate': 0.02364864864864865, 'robustness_accuracy': 0.616, 'accuracy': 0.616, 'precision': 0.6101190476190477, 'recall': 0.7706766917293233, 'f1': 0.6810631229235881}
No gradient function provided, creating a gradient function. If your Estimator requires transpilation, please provide a pass manager.
{'seed': 44, 'epsilon': 0.0, 'noise_type': 'phase_damping', 'level': 'L3', 'attack_success_rate': 0.07432432432432433, 'robustness_accuracy': 0.61, 'accuracy': 0.61, 'precision': 0.5972602739726027, 'recall': 0.8195488721804511, 'f1': 0.6909667194928685}
No gradient function provided, creating a gradient function. If your Estimator requires transpilation, please provide a pass manager.
{'seed': 44, 'epsilon': 0.0, 'noise_type': 'phase_damping', 'level': 'L4', 'attack_success_rate': 0.13851351351351351, 'robustness_accuracy': 0.596, 'accuracy': 0.596, 'precision': 0.5816326530612245, 'recall': 0.8571428571428571, 'f1': 0.6930091185410334}
No gradient function provided, creating a gradient function. If your Estimator requires transpilation, please provide a pass manager.
{'seed': 44, 'epsilon': 0.0, 'noise_type': 'readout', 'level': 'L1', 'attack_success_rate': 0.02027027027027027, 'robustness_accuracy': 0.614, 'accuracy': 0.614, 'precision': 0.6137071651090342, 'recall': 0.7406015037593985, 'f1': 0.6712095400340715}
No gradient function provided, creating a gradient function. If your Estimator requires transpilation, please provide a pass manager.
{'seed': 44, 'epsilon': 0.0, 'noise_type': 'readout', 'level': 'L2', 'attack_success_rate': 0.016891891891891893, 'robustness_accuracy': 0.612, 'accuracy': 0.612, 'precision': 0.6118012422360248, 'recall': 0.7406015037593985, 'f1': 0.6700680272108843}
No gradient function provided, creating a gradient function. If your Estimator requires transpilation, please provide a pass manager.
{'seed': 44, 'epsilon': 0.0, 'noise_type': 'readout', 'level': 'L3', 'attack_success_rate': 0.016891891891891893, 'robustness_accuracy': 0.62, 'accuracy': 0.62, 'precision': 0.6151515151515151, 'recall': 0.7631578947368421, 'f1': 0.6812080536912751}
No gradient function provided, creating a gradient function. If your Estimator requires transpilation, please provide a pass manager.
{'seed': 44, 'epsilon': 0.0, 'noise_type': 'readout', 'level': 'L4', 'attack_success_rate': 0.02027027027027027, 'robustness_accuracy': 0.624, 'accuracy': 0.624, 'precision': 0.6174698795180723, 'recall': 0.7706766917293233, 'f1': 0.68561872909699}
No gradient function provided, creating a gradient function. If your Estimator requires transpilation, please provide a pass manager.
{'seed': 44, 'epsilon': 0.0, 'noise_type': 'combined', 'level': 'L2', 'attack_success_rate': 0.033783783783783786, 'robustness_accuracy': 0.612, 'accuracy': 0.612, 'precision': 0.6046511627906976, 'recall': 0.7819548872180451, 'f1': 0.6819672131147541}
No gradient function provided, creating a gradient function. If your Estimator requires transpilation, please provide a pass manager.
{'seed': 44, 'epsilon': 0.02, 'noise_type': 'none', 'level': 'L0', 'attack_success_rate': 0.3581081081081081, 'robustness_accuracy': 0.592, 'accuracy': 0.592, 'precision': 0.5962732919254659, 'recall': 0.7218045112781954, 'f1': 0.6530612244897959}
No gradient function provided, creating a gradient function. If your Estimator requires transpilation, please provide a pass manager.
{'seed': 44, 'epsilon': 0.02, 'noise_type': 'depolarizing', 'level': 'L1', 'attack_success_rate': 0.34121621621621623, 'robustness_accuracy': 0.6, 'accuracy': 0.6, 'precision': 0.5993975903614458, 'recall': 0.7481203007518797, 'f1': 0.6655518394648829}
No gradient function provided, creating a gradient function. If your Estimator requires transpilation, please provide a pass manager.
{'seed': 44, 'epsilon': 0.02, 'noise_type': 'depolarizing', 'level': 'L2', 'attack_success_rate': 0.31756756756756754, 'robustness_accuracy': 0.61, 'accuracy': 0.61, 'precision': 0.6023054755043228, 'recall': 0.7857142857142857, 'f1': 0.6818923327895595}
No gradient function provided, creating a gradient function. If your Estimator requires transpilation, please provide a pass manager.
{'seed': 44, 'epsilon': 0.02, 'noise_type': 'depolarizing', 'level': 'L3', 'attack_success_rate': 0.3108108108108108, 'robustness_accuracy': 0.584, 'accuracy': 0.584, 'precision': 0.5717821782178217, 'recall': 0.868421052631579, 'f1': 0.6895522388059702}
No gradient function provided, creating a gradient function. If your Estimator requires transpilation, please provide a pass manager.
{'seed': 44, 'epsilon': 0.02, 'noise_type': 'depolarizing', 'level': 'L4', 'attack_success_rate': 0.34459459459459457, 'robustness_accuracy': 0.554, 'accuracy': 0.554, 'precision': 0.5501165501165501, 'recall': 0.8872180451127819, 'f1': 0.679136690647482}
No gradient function provided, creating a gradient function. If your Estimator requires transpilation, please provide a pass manager.
{'seed': 44, 'epsilon': 0.02, 'noise_type': 'phase_damping', 'level': 'L1', 'attack_success_rate': 0.34797297297297297, 'robustness_accuracy': 0.596, 'accuracy': 0.596, 'precision': 0.5975609756097561, 'recall': 0.7368421052631579, 'f1': 0.6599326599326599}
No gradient function provided, creating a gradient function. If your Estimator requires transpilation, please provide a pass manager.
{'seed': 44, 'epsilon': 0.02, 'noise_type': 'phase_damping', 'level': 'L2', 'attack_success_rate': 0.3344594594594595, 'robustness_accuracy': 0.604, 'accuracy': 0.604, 'precision': 0.6011904761904762, 'recall': 0.7593984962406015, 'f1': 0.6710963455149501}
No gradient function provided, creating a gradient function. If your Estimator requires transpilation, please provide a pass manager.
{'seed': 44, 'epsilon': 0.02, 'noise_type': 'phase_damping', 'level': 'L3', 'attack_success_rate': 0.3108108108108108, 'robustness_accuracy': 0.604, 'accuracy': 0.604, 'precision': 0.592896174863388, 'recall': 0.8157894736842105, 'f1': 0.6867088607594937}
No gradient function provided, creating a gradient function. If your Estimator requires transpilation, please provide a pass manager.
{'seed': 44, 'epsilon': 0.02, 'noise_type': 'phase_damping', 'level': 'L4', 'attack_success_rate': 0.30405405405405406, 'robustness_accuracy': 0.598, 'accuracy': 0.598, 'precision': 0.581453634085213, 'recall': 0.8721804511278195, 'f1': 0.6977443609022557}
No gradient function provided, creating a gradient function. If your Estimator requires transpilation, please provide a pass manager.
{'seed': 44, 'epsilon': 0.02, 'noise_type': 'readout', 'level': 'L1', 'attack_success_rate': 0.36486486486486486, 'robustness_accuracy': 0.586, 'accuracy': 0.586, 'precision': 0.5913312693498453, 'recall': 0.7180451127819549, 'f1': 0.6485568760611206}
No gradient function provided, creating a gradient function. If your Estimator requires transpilation, please provide a pass manager.
{'seed': 44, 'epsilon': 0.02, 'noise_type': 'readout', 'level': 'L2', 'attack_success_rate': 0.3581081081081081, 'robustness_accuracy': 0.586, 'accuracy': 0.586, 'precision': 0.5919003115264797, 'recall': 0.7142857142857143, 'f1': 0.6473594548551959}
No gradient function provided, creating a gradient function. If your Estimator requires transpilation, please provide a pass manager.
{'seed': 44, 'epsilon': 0.02, 'noise_type': 'readout', 'level': 'L3', 'attack_success_rate': 0.35135135135135137, 'robustness_accuracy': 0.588, 'accuracy': 0.588, 'precision': 0.593167701863354, 'recall': 0.7180451127819549, 'f1': 0.6496598639455783}
No gradient function provided, creating a gradient function. If your Estimator requires transpilation, please provide a pass manager.
{'seed': 44, 'epsilon': 0.02, 'noise_type': 'readout', 'level': 'L4', 'attack_success_rate': 0.3581081081081081, 'robustness_accuracy': 0.584, 'accuracy': 0.584, 'precision': 0.5878787878787879, 'recall': 0.7293233082706767, 'f1': 0.6510067114093959}
No gradient function provided, creating a gradient function. If your Estimator requires transpilation, please provide a pass manager.
{'seed': 44, 'epsilon': 0.02, 'noise_type': 'combined', 'level': 'L2', 'attack_success_rate': 0.3344594594594595, 'robustness_accuracy': 0.592, 'accuracy': 0.592, 'precision': 0.5895953757225434, 'recall': 0.7669172932330827, 'f1': 0.6666666666666666}
No gradient function provided, creating a gradient function. If your Estimator requires transpilation, please provide a pass manager.
{'seed': 44, 'epsilon': 0.05, 'noise_type': 'none', 'level': 'L0', 'attack_success_rate': 0.5168918918918919, 'robustness_accuracy': 0.57, 'accuracy': 0.57, 'precision': 0.5858585858585859, 'recall': 0.6541353383458647, 'f1': 0.6181172291296625}
No gradient function provided, creating a gradient function. If your Estimator requires transpilation, please provide a pass manager.
{'seed': 44, 'epsilon': 0.05, 'noise_type': 'depolarizing', 'level': 'L1', 'attack_success_rate': 0.5202702702702703, 'robustness_accuracy': 0.564, 'accuracy': 0.564, 'precision': 0.58, 'recall': 0.6541353383458647, 'f1': 0.6148409893992933}
No gradient function provided, creating a gradient function. If your Estimator requires transpilation, please provide a pass manager.
{'seed': 44, 'epsilon': 0.05, 'noise_type': 'depolarizing', 'level': 'L2', 'attack_success_rate': 0.5101351351351351, 'robustness_accuracy': 0.57, 'accuracy': 0.57, 'precision': 0.5836065573770491, 'recall': 0.6691729323308271, 'f1': 0.6234676007005254}
No gradient function provided, creating a gradient function. If your Estimator requires transpilation, please provide a pass manager.
{'seed': 44, 'epsilon': 0.05, 'noise_type': 'depolarizing', 'level': 'L3', 'attack_success_rate': 0.4222972972972973, 'robustness_accuracy': 0.588, 'accuracy': 0.588, 'precision': 0.5789473684210527, 'recall': 0.8270676691729323, 'f1': 0.6811145510835913}
No gradient function provided, creating a gradient function. If your Estimator requires transpilation, please provide a pass manager.
{'seed': 44, 'epsilon': 0.05, 'noise_type': 'depolarizing', 'level': 'L4', 'attack_success_rate': 0.3547297297297297, 'robustness_accuracy': 0.576, 'accuracy': 0.576, 'precision': 0.5625, 'recall': 0.9135338345864662, 'f1': 0.6962750716332379}
No gradient function provided, creating a gradient function. If your Estimator requires transpilation, please provide a pass manager.
{'seed': 44, 'epsilon': 0.05, 'noise_type': 'phase_damping', 'level': 'L1', 'attack_success_rate': 0.5168918918918919, 'robustness_accuracy': 0.568, 'accuracy': 0.568, 'precision': 0.5838926174496645, 'recall': 0.6541353383458647, 'f1': 0.6170212765957447}
No gradient function provided, creating a gradient function. If your Estimator requires transpilation, please provide a pass manager.
{'seed': 44, 'epsilon': 0.05, 'noise_type': 'phase_damping', 'level': 'L2', 'attack_success_rate': 0.5168918918918919, 'robustness_accuracy': 0.568, 'accuracy': 0.568, 'precision': 0.5833333333333334, 'recall': 0.6578947368421053, 'f1': 0.6183745583038869}
No gradient function provided, creating a gradient function. If your Estimator requires transpilation, please provide a pass manager.
{'seed': 44, 'epsilon': 0.05, 'noise_type': 'phase_damping', 'level': 'L3', 'attack_success_rate': 0.46959459459459457, 'robustness_accuracy': 0.578, 'accuracy': 0.578, 'precision': 0.5801749271137027, 'recall': 0.7481203007518797, 'f1': 0.6535303776683087}
No gradient function provided, creating a gradient function. If your Estimator requires transpilation, please provide a pass manager.
{'seed': 44, 'epsilon': 0.05, 'noise_type': 'phase_damping', 'level': 'L4', 'attack_success_rate': 0.4222972972972973, 'robustness_accuracy': 0.586, 'accuracy': 0.586, 'precision': 0.5782493368700266, 'recall': 0.8195488721804511, 'f1': 0.6780715396578538}
No gradient function provided, creating a gradient function. If your Estimator requires transpilation, please provide a pass manager.
{'seed': 44, 'epsilon': 0.05, 'noise_type': 'readout', 'level': 'L1', 'attack_success_rate': 0.5236486486486487, 'robustness_accuracy': 0.566, 'accuracy': 0.566, 'precision': 0.5830508474576271, 'recall': 0.6466165413533834, 'f1': 0.6131907308377896}
No gradient function provided, creating a gradient function. If your Estimator requires transpilation, please provide a pass manager.
{'seed': 44, 'epsilon': 0.05, 'noise_type': 'readout', 'level': 'L2', 'attack_success_rate': 0.5135135135135135, 'robustness_accuracy': 0.572, 'accuracy': 0.572, 'precision': 0.5878378378378378, 'recall': 0.6541353383458647, 'f1': 0.6192170818505338}
No gradient function provided, creating a gradient function. If your Estimator requires transpilation, please provide a pass manager.
{'seed': 44, 'epsilon': 0.05, 'noise_type': 'readout', 'level': 'L3', 'attack_success_rate': 0.5168918918918919, 'robustness_accuracy': 0.568, 'accuracy': 0.568, 'precision': 0.5833333333333334, 'recall': 0.6578947368421053, 'f1': 0.6183745583038869}
No gradient function provided, creating a gradient function. If your Estimator requires transpilation, please provide a pass manager.
{'seed': 44, 'epsilon': 0.05, 'noise_type': 'readout', 'level': 'L4', 'attack_success_rate': 0.5168918918918919, 'robustness_accuracy': 0.56, 'accuracy': 0.56, 'precision': 0.5761589403973509, 'recall': 0.6541353383458647, 'f1': 0.6126760563380281}
No gradient function provided, creating a gradient function. If your Estimator requires transpilation, please provide a pass manager.
{'seed': 44, 'epsilon': 0.05, 'noise_type': 'combined', 'level': 'L2', 'attack_success_rate': 0.5, 'robustness_accuracy': 0.58, 'accuracy': 0.58, 'precision': 0.5903225806451613, 'recall': 0.6879699248120301, 'f1': 0.6354166666666666}
No gradient function provided, creating a gradient function. If your Estimator requires transpilation, please provide a pass manager.
{'seed': 44, 'epsilon': 0.1, 'noise_type': 'none', 'level': 'L0', 'attack_success_rate': 0.3952702702702703, 'robustness_accuracy': 0.586, 'accuracy': 0.586, 'precision': 0.5967213114754099, 'recall': 0.6842105263157895, 'f1': 0.637478108581436}
No gradient function provided, creating a gradient function. If your Estimator requires transpilation, please provide a pass manager.
{'seed': 44, 'epsilon': 0.1, 'noise_type': 'depolarizing', 'level': 'L1', 'attack_success_rate': 0.3783783783783784, 'robustness_accuracy': 0.588, 'accuracy': 0.588, 'precision': 0.5943396226415094, 'recall': 0.7105263157894737, 'f1': 0.6472602739726028}
No gradient function provided, creating a gradient function. If your Estimator requires transpilation, please provide a pass manager.
{'seed': 44, 'epsilon': 0.1, 'noise_type': 'depolarizing', 'level': 'L2', 'attack_success_rate': 0.375, 'robustness_accuracy': 0.594, 'accuracy': 0.594, 'precision': 0.5981308411214953, 'recall': 0.7218045112781954, 'f1': 0.6541737649063032}
No gradient function provided, creating a gradient function. If your Estimator requires transpilation, please provide a pass manager.
{'seed': 44, 'epsilon': 0.1, 'noise_type': 'depolarizing', 'level': 'L3', 'attack_success_rate': 0.35135135135135137, 'robustness_accuracy': 0.596, 'accuracy': 0.596, 'precision': 0.5851063829787234, 'recall': 0.8270676691729323, 'f1': 0.6853582554517134}
No gradient function provided, creating a gradient function. If your Estimator requires transpilation, please provide a pass manager.
{'seed': 44, 'epsilon': 0.1, 'noise_type': 'depolarizing', 'level': 'L4', 'attack_success_rate': 0.3614864864864865, 'robustness_accuracy': 0.55, 'accuracy': 0.55, 'precision': 0.5475638051044084, 'recall': 0.8872180451127819, 'f1': 0.6771879483500718}
No gradient function provided, creating a gradient function. If your Estimator requires transpilation, please provide a pass manager.
{'seed': 44, 'epsilon': 0.1, 'noise_type': 'phase_damping', 'level': 'L1', 'attack_success_rate': 0.38513513513513514, 'robustness_accuracy': 0.586, 'accuracy': 0.586, 'precision': 0.5936507936507937, 'recall': 0.7030075187969925, 'f1': 0.6437177280550774}
No gradient function provided, creating a gradient function. If your Estimator requires transpilation, please provide a pass manager.
{'seed': 44, 'epsilon': 0.1, 'noise_type': 'phase_damping', 'level': 'L2', 'attack_success_rate': 0.3783783783783784, 'robustness_accuracy': 0.592, 'accuracy': 0.592, 'precision': 0.596875, 'recall': 0.7180451127819549, 'f1': 0.6518771331058021}
No gradient function provided, creating a gradient function. If your Estimator requires transpilation, please provide a pass manager.
{'seed': 44, 'epsilon': 0.1, 'noise_type': 'phase_damping', 'level': 'L3', 'attack_success_rate': 0.3547297297297297, 'robustness_accuracy': 0.608, 'accuracy': 0.608, 'precision': 0.6029411764705882, 'recall': 0.7706766917293233, 'f1': 0.6765676567656765}
No gradient function provided, creating a gradient function. If your Estimator requires transpilation, please provide a pass manager.
{'seed': 44, 'epsilon': 0.1, 'noise_type': 'phase_damping', 'level': 'L4', 'attack_success_rate': 0.3547297297297297, 'robustness_accuracy': 0.592, 'accuracy': 0.592, 'precision': 0.5846994535519126, 'recall': 0.8045112781954887, 'f1': 0.6772151898734177}
No gradient function provided, creating a gradient function. If your Estimator requires transpilation, please provide a pass manager.
{'seed': 44, 'epsilon': 0.1, 'noise_type': 'readout', 'level': 'L1', 'attack_success_rate': 0.38513513513513514, 'robustness_accuracy': 0.59, 'accuracy': 0.59, 'precision': 0.5980707395498392, 'recall': 0.6992481203007519, 'f1': 0.6447140381282496}
No gradient function provided, creating a gradient function. If your Estimator requires transpilation, please provide a pass manager.
{'seed': 44, 'epsilon': 0.1, 'noise_type': 'readout', 'level': 'L2', 'attack_success_rate': 0.38513513513513514, 'robustness_accuracy': 0.59, 'accuracy': 0.59, 'precision': 0.598705501618123, 'recall': 0.6954887218045113, 'f1': 0.6434782608695652}
No gradient function provided, creating a gradient function. If your Estimator requires transpilation, please provide a pass manager.
{'seed': 44, 'epsilon': 0.1, 'noise_type': 'readout', 'level': 'L3', 'attack_success_rate': 0.3918918918918919, 'robustness_accuracy': 0.588, 'accuracy': 0.588, 'precision': 0.5974025974025974, 'recall': 0.6917293233082706, 'f1': 0.6411149825783972}
No gradient function provided, creating a gradient function. If your Estimator requires transpilation, please provide a pass manager.
{'seed': 44, 'epsilon': 0.1, 'noise_type': 'readout', 'level': 'L4', 'attack_success_rate': 0.3952702702702703, 'robustness_accuracy': 0.586, 'accuracy': 0.586, 'precision': 0.5954692556634305, 'recall': 0.6917293233082706, 'f1': 0.64}
No gradient function provided, creating a gradient function. If your Estimator requires transpilation, please provide a pass manager.
{'seed': 44, 'epsilon': 0.1, 'noise_type': 'combined', 'level': 'L2', 'attack_success_rate': 0.36486486486486486, 'robustness_accuracy': 0.602, 'accuracy': 0.602, 'precision': 0.6024464831804281, 'recall': 0.7406015037593985, 'f1': 0.6644182124789207}
No gradient function provided, creating a gradient function. If your Estimator requires transpilation, please provide a pass manager.
{'seed': 44, 'epsilon': 0.15, 'noise_type': 'none', 'level': 'L0', 'attack_success_rate': 0.34121621621621623, 'robustness_accuracy': 0.602, 'accuracy': 0.602, 'precision': 0.6120401337792643, 'recall': 0.6879699248120301, 'f1': 0.647787610619469}
No gradient function provided, creating a gradient function. If your Estimator requires transpilation, please provide a pass manager.
{'seed': 44, 'epsilon': 0.15, 'noise_type': 'depolarizing', 'level': 'L1', 'attack_success_rate': 0.3344594594594595, 'robustness_accuracy': 0.608, 'accuracy': 0.608, 'precision': 0.6129032258064516, 'recall': 0.7142857142857143, 'f1': 0.6597222222222222}
No gradient function provided, creating a gradient function. If your Estimator requires transpilation, please provide a pass manager.
{'seed': 44, 'epsilon': 0.15, 'noise_type': 'depolarizing', 'level': 'L2', 'attack_success_rate': 0.3344594594594595, 'robustness_accuracy': 0.61, 'accuracy': 0.61, 'precision': 0.6105919003115264, 'recall': 0.7368421052631579, 'f1': 0.6678023850085179}
No gradient function provided, creating a gradient function. If your Estimator requires transpilation, please provide a pass manager.
{'seed': 44, 'epsilon': 0.15, 'noise_type': 'depolarizing', 'level': 'L3', 'attack_success_rate': 0.28716216216216217, 'robustness_accuracy': 0.622, 'accuracy': 0.622, 'precision': 0.6015831134564644, 'recall': 0.8571428571428571, 'f1': 0.7069767441860465}
No gradient function provided, creating a gradient function. If your Estimator requires transpilation, please provide a pass manager.
{'seed': 44, 'epsilon': 0.15, 'noise_type': 'depolarizing', 'level': 'L4', 'attack_success_rate': 0.3310810810810811, 'robustness_accuracy': 0.568, 'accuracy': 0.568, 'precision': 0.5570776255707762, 'recall': 0.9172932330827067, 'f1': 0.6931818181818182}
No gradient function provided, creating a gradient function. If your Estimator requires transpilation, please provide a pass manager.
{'seed': 44, 'epsilon': 0.15, 'noise_type': 'phase_damping', 'level': 'L1', 'attack_success_rate': 0.33783783783783783, 'robustness_accuracy': 0.608, 'accuracy': 0.608, 'precision': 0.6143790849673203, 'recall': 0.706766917293233, 'f1': 0.6573426573426573}
No gradient function provided, creating a gradient function. If your Estimator requires transpilation, please provide a pass manager.
{'seed': 44, 'epsilon': 0.15, 'noise_type': 'phase_damping', 'level': 'L2', 'attack_success_rate': 0.33783783783783783, 'robustness_accuracy': 0.612, 'accuracy': 0.612, 'precision': 0.6146496815286624, 'recall': 0.7255639097744361, 'f1': 0.6655172413793103}
No gradient function provided, creating a gradient function. If your Estimator requires transpilation, please provide a pass manager.
{'seed': 44, 'epsilon': 0.15, 'noise_type': 'phase_damping', 'level': 'L3', 'attack_success_rate': 0.31756756756756754, 'robustness_accuracy': 0.614, 'accuracy': 0.614, 'precision': 0.6076696165191741, 'recall': 0.7744360902255639, 'f1': 0.6809917355371901}
No gradient function provided, creating a gradient function. If your Estimator requires transpilation, please provide a pass manager.
{'seed': 44, 'epsilon': 0.15, 'noise_type': 'phase_damping', 'level': 'L4', 'attack_success_rate': 0.3141891891891892, 'robustness_accuracy': 0.612, 'accuracy': 0.612, 'precision': 0.5989010989010989, 'recall': 0.8195488721804511, 'f1': 0.692063492063492}
No gradient function provided, creating a gradient function. If your Estimator requires transpilation, please provide a pass manager.
{'seed': 44, 'epsilon': 0.15, 'noise_type': 'readout', 'level': 'L1', 'attack_success_rate': 0.3344594594594595, 'robustness_accuracy': 0.604, 'accuracy': 0.604, 'precision': 0.6118421052631579, 'recall': 0.6992481203007519, 'f1': 0.6526315789473685}
No gradient function provided, creating a gradient function. If your Estimator requires transpilation, please provide a pass manager.
{'seed': 44, 'epsilon': 0.15, 'noise_type': 'readout', 'level': 'L2', 'attack_success_rate': 0.3310810810810811, 'robustness_accuracy': 0.608, 'accuracy': 0.608, 'precision': 0.6151315789473685, 'recall': 0.7030075187969925, 'f1': 0.656140350877193}
No gradient function provided, creating a gradient function. If your Estimator requires transpilation, please provide a pass manager.
{'seed': 44, 'epsilon': 0.15, 'noise_type': 'readout', 'level': 'L3', 'attack_success_rate': 0.3344594594594595, 'robustness_accuracy': 0.6, 'accuracy': 0.6, 'precision': 0.6085526315789473, 'recall': 0.6954887218045113, 'f1': 0.6491228070175439}
No gradient function provided, creating a gradient function. If your Estimator requires transpilation, please provide a pass manager.
{'seed': 44, 'epsilon': 0.15, 'noise_type': 'readout', 'level': 'L4', 'attack_success_rate': 0.3344594594594595, 'robustness_accuracy': 0.602, 'accuracy': 0.602, 'precision': 0.6098360655737705, 'recall': 0.6992481203007519, 'f1': 0.6514886164623468}
No gradient function provided, creating a gradient function. If your Estimator requires transpilation, please provide a pass manager.
{'seed': 44, 'epsilon': 0.15, 'noise_type': 'combined', 'level': 'L2', 'attack_success_rate': 0.32432432432432434, 'robustness_accuracy': 0.614, 'accuracy': 0.614, 'precision': 0.6130030959752322, 'recall': 0.7443609022556391, 'f1': 0.6723259762308998}
No gradient function provided, creating a gradient function. If your Estimator requires transpilation, please provide a pass manager.
{'seed': 44, 'epsilon': 0.2, 'noise_type': 'none', 'level': 'L0', 'attack_success_rate': 0.3716216216216216, 'robustness_accuracy': 0.598, 'accuracy': 0.598, 'precision': 0.6058631921824105, 'recall': 0.6992481203007519, 'f1': 0.6492146596858639}
No gradient function provided, creating a gradient function. If your Estimator requires transpilation, please provide a pass manager.
{'seed': 44, 'epsilon': 0.2, 'noise_type': 'depolarizing', 'level': 'L1', 'attack_success_rate': 0.3581081081081081, 'robustness_accuracy': 0.602, 'accuracy': 0.602, 'precision': 0.6070287539936102, 'recall': 0.7142857142857143, 'f1': 0.6563039723661486}
No gradient function provided, creating a gradient function. If your Estimator requires transpilation, please provide a pass manager.
{'seed': 44, 'epsilon': 0.2, 'noise_type': 'depolarizing', 'level': 'L2', 'attack_success_rate': 0.34797297297297297, 'robustness_accuracy': 0.608, 'accuracy': 0.608, 'precision': 0.609375, 'recall': 0.7330827067669173, 'f1': 0.6655290102389079}
No gradient function provided, creating a gradient function. If your Estimator requires transpilation, please provide a pass manager.
{'seed': 44, 'epsilon': 0.2, 'noise_type': 'depolarizing', 'level': 'L3', 'attack_success_rate': 0.34121621621621623, 'robustness_accuracy': 0.584, 'accuracy': 0.584, 'precision': 0.5763157894736842, 'recall': 0.8233082706766918, 'f1': 0.6780185758513931}
No gradient function provided, creating a gradient function. If your Estimator requires transpilation, please provide a pass manager.
{'seed': 44, 'epsilon': 0.2, 'noise_type': 'depolarizing', 'level': 'L4', 'attack_success_rate': 0.35135135135135137, 'robustness_accuracy': 0.554, 'accuracy': 0.554, 'precision': 0.5483146067415731, 'recall': 0.9172932330827067, 'f1': 0.6863572433192686}
No gradient function provided, creating a gradient function. If your Estimator requires transpilation, please provide a pass manager.
{'seed': 44, 'epsilon': 0.2, 'noise_type': 'phase_damping', 'level': 'L1', 'attack_success_rate': 0.36824324324324326, 'robustness_accuracy': 0.596, 'accuracy': 0.596, 'precision': 0.6025641025641025, 'recall': 0.706766917293233, 'f1': 0.6505190311418685}
No gradient function provided, creating a gradient function. If your Estimator requires transpilation, please provide a pass manager.
{'seed': 44, 'epsilon': 0.2, 'noise_type': 'phase_damping', 'level': 'L2', 'attack_success_rate': 0.3581081081081081, 'robustness_accuracy': 0.602, 'accuracy': 0.602, 'precision': 0.6070287539936102, 'recall': 0.7142857142857143, 'f1': 0.6563039723661486}
No gradient function provided, creating a gradient function. If your Estimator requires transpilation, please provide a pass manager.
{'seed': 44, 'epsilon': 0.2, 'noise_type': 'phase_damping', 'level': 'L3', 'attack_success_rate': 0.35135135135135137, 'robustness_accuracy': 0.604, 'accuracy': 0.604, 'precision': 0.6024096385542169, 'recall': 0.7518796992481203, 'f1': 0.6688963210702341}
No gradient function provided, creating a gradient function. If your Estimator requires transpilation, please provide a pass manager.
{'seed': 44, 'epsilon': 0.2, 'noise_type': 'phase_damping', 'level': 'L4', 'attack_success_rate': 0.3581081081081081, 'robustness_accuracy': 0.576, 'accuracy': 0.576, 'precision': 0.5741758241758241, 'recall': 0.7857142857142857, 'f1': 0.6634920634920635}
No gradient function provided, creating a gradient function. If your Estimator requires transpilation, please provide a pass manager.
{'seed': 44, 'epsilon': 0.2, 'noise_type': 'readout', 'level': 'L1', 'attack_success_rate': 0.375, 'robustness_accuracy': 0.592, 'accuracy': 0.592, 'precision': 0.6, 'recall': 0.6992481203007519, 'f1': 0.6458333333333334}
No gradient function provided, creating a gradient function. If your Estimator requires transpilation, please provide a pass manager.
{'seed': 44, 'epsilon': 0.2, 'noise_type': 'readout', 'level': 'L2', 'attack_success_rate': 0.3783783783783784, 'robustness_accuracy': 0.592, 'accuracy': 0.592, 'precision': 0.6, 'recall': 0.6992481203007519, 'f1': 0.6458333333333334}
No gradient function provided, creating a gradient function. If your Estimator requires transpilation, please provide a pass manager.
{'seed': 44, 'epsilon': 0.2, 'noise_type': 'readout', 'level': 'L3', 'attack_success_rate': 0.3614864864864865, 'robustness_accuracy': 0.606, 'accuracy': 0.606, 'precision': 0.6116504854368932, 'recall': 0.7105263157894737, 'f1': 0.6573913043478261}
No gradient function provided, creating a gradient function. If your Estimator requires transpilation, please provide a pass manager.
{'seed': 44, 'epsilon': 0.2, 'noise_type': 'readout', 'level': 'L4', 'attack_success_rate': 0.3547297297297297, 'robustness_accuracy': 0.61, 'accuracy': 0.61, 'precision': 0.6148867313915858, 'recall': 0.7142857142857143, 'f1': 0.6608695652173913}
No gradient function provided, creating a gradient function. If your Estimator requires transpilation, please provide a pass manager.
{'seed': 44, 'epsilon': 0.2, 'noise_type': 'combined', 'level': 'L2', 'attack_success_rate': 0.35135135135135137, 'robustness_accuracy': 0.602, 'accuracy': 0.602, 'precision': 0.6030769230769231, 'recall': 0.7368421052631579, 'f1': 0.6632825719120136}
No gradient function provided, creating a gradient function. If your Estimator requires transpilation, please provide a pass manager.
{'seed': 44, 'epsilon': 0.3, 'noise_type': 'none', 'level': 'L0', 'attack_success_rate': 0.42567567567567566, 'robustness_accuracy': 0.556, 'accuracy': 0.556, 'precision': 0.5774647887323944, 'recall': 0.6165413533834586, 'f1': 0.5963636363636363}
No gradient function provided, creating a gradient function. If your Estimator requires transpilation, please provide a pass manager.
{'seed': 44, 'epsilon': 0.3, 'noise_type': 'depolarizing', 'level': 'L1', 'attack_success_rate': 0.4155405405405405, 'robustness_accuracy': 0.56, 'accuracy': 0.56, 'precision': 0.5793103448275863, 'recall': 0.631578947368421, 'f1': 0.60431654676259}
No gradient function provided, creating a gradient function. If your Estimator requires transpilation, please provide a pass manager.
{'seed': 44, 'epsilon': 0.3, 'noise_type': 'depolarizing', 'level': 'L2', 'attack_success_rate': 0.4155405405405405, 'robustness_accuracy': 0.55, 'accuracy': 0.55, 'precision': 0.5681063122923588, 'recall': 0.6428571428571429, 'f1': 0.6031746031746031}
No gradient function provided, creating a gradient function. If your Estimator requires transpilation, please provide a pass manager.
{'seed': 44, 'epsilon': 0.3, 'noise_type': 'depolarizing', 'level': 'L3', 'attack_success_rate': 0.3918918918918919, 'robustness_accuracy': 0.554, 'accuracy': 0.554, 'precision': 0.5609065155807366, 'recall': 0.7443609022556391, 'f1': 0.6397415185783522}
No gradient function provided, creating a gradient function. If your Estimator requires transpilation, please provide a pass manager.
{'seed': 44, 'epsilon': 0.3, 'noise_type': 'depolarizing', 'level': 'L4', 'attack_success_rate': 0.36486486486486486, 'robustness_accuracy': 0.542, 'accuracy': 0.542, 'precision': 0.5439429928741093, 'recall': 0.8609022556390977, 'f1': 0.6666666666666666}
No gradient function provided, creating a gradient function. If your Estimator requires transpilation, please provide a pass manager.
{'seed': 44, 'epsilon': 0.3, 'noise_type': 'phase_damping', 'level': 'L1', 'attack_success_rate': 0.42567567567567566, 'robustness_accuracy': 0.554, 'accuracy': 0.554, 'precision': 0.5754385964912281, 'recall': 0.6165413533834586, 'f1': 0.5952813067150635}
No gradient function provided, creating a gradient function. If your Estimator requires transpilation, please provide a pass manager.
{'seed': 44, 'epsilon': 0.3, 'noise_type': 'phase_damping', 'level': 'L2', 'attack_success_rate': 0.40540540540540543, 'robustness_accuracy': 0.56, 'accuracy': 0.56, 'precision': 0.5777027027027027, 'recall': 0.6428571428571429, 'f1': 0.608540925266904}
No gradient function provided, creating a gradient function. If your Estimator requires transpilation, please provide a pass manager.
{'seed': 44, 'epsilon': 0.3, 'noise_type': 'phase_damping', 'level': 'L3', 'attack_success_rate': 0.40202702702702703, 'robustness_accuracy': 0.552, 'accuracy': 0.552, 'precision': 0.5664556962025317, 'recall': 0.6729323308270677, 'f1': 0.6151202749140894}
No gradient function provided, creating a gradient function. If your Estimator requires transpilation, please provide a pass manager.
{'seed': 44, 'epsilon': 0.3, 'noise_type': 'phase_damping', 'level': 'L4', 'attack_success_rate': 0.3918918918918919, 'robustness_accuracy': 0.56, 'accuracy': 0.56, 'precision': 0.5668604651162791, 'recall': 0.7330827067669173, 'f1': 0.639344262295082}
No gradient function provided, creating a gradient function. If your Estimator requires transpilation, please provide a pass manager.
{'seed': 44, 'epsilon': 0.3, 'noise_type': 'readout', 'level': 'L1', 'attack_success_rate': 0.42567567567567566, 'robustness_accuracy': 0.556, 'accuracy': 0.556, 'precision': 0.5774647887323944, 'recall': 0.6165413533834586, 'f1': 0.5963636363636363}
No gradient function provided, creating a gradient function. If your Estimator requires transpilation, please provide a pass manager.
{'seed': 44, 'epsilon': 0.3, 'noise_type': 'readout', 'level': 'L2', 'attack_success_rate': 0.4222972972972973, 'robustness_accuracy': 0.558, 'accuracy': 0.558, 'precision': 0.578397212543554, 'recall': 0.6240601503759399, 'f1': 0.6003616636528029}
No gradient function provided, creating a gradient function. If your Estimator requires transpilation, please provide a pass manager.
{'seed': 44, 'epsilon': 0.3, 'noise_type': 'readout', 'level': 'L3', 'attack_success_rate': 0.4222972972972973, 'robustness_accuracy': 0.554, 'accuracy': 0.554, 'precision': 0.5749128919860628, 'recall': 0.6203007518796992, 'f1': 0.596745027124774}
No gradient function provided, creating a gradient function. If your Estimator requires transpilation, please provide a pass manager.
{'seed': 44, 'epsilon': 0.3, 'noise_type': 'readout', 'level': 'L4', 'attack_success_rate': 0.4222972972972973, 'robustness_accuracy': 0.552, 'accuracy': 0.552, 'precision': 0.5724137931034483, 'recall': 0.6240601503759399, 'f1': 0.5971223021582733}
No gradient function provided, creating a gradient function. If your Estimator requires transpilation, please provide a pass manager.
{'seed': 44, 'epsilon': 0.3, 'noise_type': 'combined', 'level': 'L2', 'attack_success_rate': 0.4155405405405405, 'robustness_accuracy': 0.552, 'accuracy': 0.552, 'precision': 0.5686274509803921, 'recall': 0.6541353383458647, 'f1': 0.6083916083916084}
=== seed 45 ===
No gradient function provided, creating a gradient function. If your Estimator requires transpilation, please provide a pass manager.
No gradient function provided, creating a gradient function. If your Estimator requires transpilation, please provide a pass manager.
{'seed': 45, 'epsilon': 0.0, 'noise_type': 'none', 'level': 'L0', 'attack_success_rate': 0.04294478527607362, 'robustness_accuracy': 0.64, 'accuracy': 0.64, 'precision': 0.6546762589928058, 'recall': 0.6842105263157895, 'f1': 0.6691176470588235}
No gradient function provided, creating a gradient function. If your Estimator requires transpilation, please provide a pass manager.
{'seed': 45, 'epsilon': 0.0, 'noise_type': 'depolarizing', 'level': 'L1', 'attack_success_rate': 0.06441717791411043, 'robustness_accuracy': 0.624, 'accuracy': 0.624, 'precision': 0.6444444444444445, 'recall': 0.6541353383458647, 'f1': 0.6492537313432836}
No gradient function provided, creating a gradient function. If your Estimator requires transpilation, please provide a pass manager.
{'seed': 45, 'epsilon': 0.0, 'noise_type': 'depolarizing', 'level': 'L2', 'attack_success_rate': 0.07668711656441718, 'robustness_accuracy': 0.616, 'accuracy': 0.616, 'precision': 0.6401515151515151, 'recall': 0.6353383458646616, 'f1': 0.6377358490566037}
No gradient function provided, creating a gradient function. If your Estimator requires transpilation, please provide a pass manager.
{'seed': 45, 'epsilon': 0.0, 'noise_type': 'depolarizing', 'level': 'L3', 'attack_success_rate': 0.15950920245398773, 'robustness_accuracy': 0.606, 'accuracy': 0.606, 'precision': 0.6561085972850679, 'recall': 0.5451127819548872, 'f1': 0.5954825462012321}
No gradient function provided, creating a gradient function. If your Estimator requires transpilation, please provide a pass manager.
{'seed': 45, 'epsilon': 0.0, 'noise_type': 'depolarizing', 'level': 'L4', 'attack_success_rate': 0.3220858895705521, 'robustness_accuracy': 0.572, 'accuracy': 0.572, 'precision': 0.6805555555555556, 'recall': 0.3684210526315789, 'f1': 0.47804878048780486}
No gradient function provided, creating a gradient function. If your Estimator requires transpilation, please provide a pass manager.
{'seed': 45, 'epsilon': 0.0, 'noise_type': 'phase_damping', 'level': 'L1', 'attack_success_rate': 0.049079754601226995, 'robustness_accuracy': 0.634, 'accuracy': 0.634, 'precision': 0.652014652014652, 'recall': 0.6691729323308271, 'f1': 0.660482374768089}
No gradient function provided, creating a gradient function. If your Estimator requires transpilation, please provide a pass manager.
{'seed': 45, 'epsilon': 0.0, 'noise_type': 'phase_damping', 'level': 'L2', 'attack_success_rate': 0.06134969325153374, 'robustness_accuracy': 0.628, 'accuracy': 0.628, 'precision': 0.6481481481481481, 'recall': 0.6578947368421053, 'f1': 0.6529850746268657}
No gradient function provided, creating a gradient function. If your Estimator requires transpilation, please provide a pass manager.
{'seed': 45, 'epsilon': 0.0, 'noise_type': 'phase_damping', 'level': 'L3', 'attack_success_rate': 0.11042944785276074, 'robustness_accuracy': 0.614, 'accuracy': 0.614, 'precision': 0.6454183266932271, 'recall': 0.6090225563909775, 'f1': 0.6266924564796905}
No gradient function provided, creating a gradient function. If your Estimator requires transpilation, please provide a pass manager.
{'seed': 45, 'epsilon': 0.0, 'noise_type': 'phase_damping', 'level': 'L4', 'attack_success_rate': 0.15950920245398773, 'robustness_accuracy': 0.606, 'accuracy': 0.606, 'precision': 0.6533333333333333, 'recall': 0.5526315789473685, 'f1': 0.5987780040733197}
No gradient function provided, creating a gradient function. If your Estimator requires transpilation, please provide a pass manager.
{'seed': 45, 'epsilon': 0.0, 'noise_type': 'readout', 'level': 'L1', 'attack_success_rate': 0.046012269938650305, 'robustness_accuracy': 0.636, 'accuracy': 0.636, 'precision': 0.6521739130434783, 'recall': 0.6766917293233082, 'f1': 0.6642066420664207}
No gradient function provided, creating a gradient function. If your Estimator requires transpilation, please provide a pass manager.
{'seed': 45, 'epsilon': 0.0, 'noise_type': 'readout', 'level': 'L2', 'attack_success_rate': 0.05828220858895705, 'robustness_accuracy': 0.63, 'accuracy': 0.63, 'precision': 0.6483516483516484, 'recall': 0.6654135338345865, 'f1': 0.6567717996289425}
No gradient function provided, creating a gradient function. If your Estimator requires transpilation, please provide a pass manager.
{'seed': 45, 'epsilon': 0.0, 'noise_type': 'readout', 'level': 'L3', 'attack_success_rate': 0.05521472392638037, 'robustness_accuracy': 0.63, 'accuracy': 0.63, 'precision': 0.6483516483516484, 'recall': 0.6654135338345865, 'f1': 0.6567717996289425}
No gradient function provided, creating a gradient function. If your Estimator requires transpilation, please provide a pass manager.
{'seed': 45, 'epsilon': 0.0, 'noise_type': 'readout', 'level': 'L4', 'attack_success_rate': 0.06748466257668712, 'robustness_accuracy': 0.628, 'accuracy': 0.628, 'precision': 0.6459854014598541, 'recall': 0.6654135338345865, 'f1': 0.6555555555555556}
No gradient function provided, creating a gradient function. If your Estimator requires transpilation, please provide a pass manager.
{'seed': 45, 'epsilon': 0.0, 'noise_type': 'combined', 'level': 'L2', 'attack_success_rate': 0.07668711656441718, 'robustness_accuracy': 0.618, 'accuracy': 0.618, 'precision': 0.6415094339622641, 'recall': 0.6390977443609023, 'f1': 0.64030131826742}
No gradient function provided, creating a gradient function. If your Estimator requires transpilation, please provide a pass manager.
{'seed': 45, 'epsilon': 0.02, 'noise_type': 'none', 'level': 'L0', 'attack_success_rate': 0.36503067484662577, 'robustness_accuracy': 0.618, 'accuracy': 0.618, 'precision': 0.6404494382022472, 'recall': 0.6428571428571429, 'f1': 0.6416510318949343}
No gradient function provided, creating a gradient function. If your Estimator requires transpilation, please provide a pass manager.
{'seed': 45, 'epsilon': 0.02, 'noise_type': 'depolarizing', 'level': 'L1', 'attack_success_rate': 0.3588957055214724, 'robustness_accuracy': 0.616, 'accuracy': 0.616, 'precision': 0.6401515151515151, 'recall': 0.6353383458646616, 'f1': 0.6377358490566037}
No gradient function provided, creating a gradient function. If your Estimator requires transpilation, please provide a pass manager.
{'seed': 45, 'epsilon': 0.02, 'noise_type': 'depolarizing', 'level': 'L2', 'attack_success_rate': 0.36503067484662577, 'robustness_accuracy': 0.612, 'accuracy': 0.612, 'precision': 0.6417322834645669, 'recall': 0.6127819548872181, 'f1': 0.6269230769230769}
No gradient function provided, creating a gradient function. If your Estimator requires transpilation, please provide a pass manager.
{'seed': 45, 'epsilon': 0.02, 'noise_type': 'depolarizing', 'level': 'L3', 'attack_success_rate': 0.3895705521472393, 'robustness_accuracy': 0.584, 'accuracy': 0.584, 'precision': 0.6542553191489362, 'recall': 0.462406015037594, 'f1': 0.5418502202643172}
No gradient function provided, creating a gradient function. If your Estimator requires transpilation, please provide a pass manager.
{'seed': 45, 'epsilon': 0.02, 'noise_type': 'depolarizing', 'level': 'L4', 'attack_success_rate': 0.4570552147239264, 'robustness_accuracy': 0.542, 'accuracy': 0.542, 'precision': 0.6528925619834711, 'recall': 0.29699248120300753, 'f1': 0.4082687338501292}
No gradient function provided, creating a gradient function. If your Estimator requires transpilation, please provide a pass manager.
{'seed': 45, 'epsilon': 0.02, 'noise_type': 'phase_damping', 'level': 'L1', 'attack_success_rate': 0.3619631901840491, 'robustness_accuracy': 0.618, 'accuracy': 0.618, 'precision': 0.6425855513307985, 'recall': 0.6353383458646616, 'f1': 0.6389413988657845}
No gradient function provided, creating a gradient function. If your Estimator requires transpilation, please provide a pass manager.
{'seed': 45, 'epsilon': 0.02, 'noise_type': 'phase_damping', 'level': 'L2', 'attack_success_rate': 0.3619631901840491, 'robustness_accuracy': 0.612, 'accuracy': 0.612, 'precision': 0.6384615384615384, 'recall': 0.6240601503759399, 'f1': 0.6311787072243346}
No gradient function provided, creating a gradient function. If your Estimator requires transpilation, please provide a pass manager.
{'seed': 45, 'epsilon': 0.02, 'noise_type': 'phase_damping', 'level': 'L3', 'attack_success_rate': 0.3773006134969325, 'robustness_accuracy': 0.6, 'accuracy': 0.6, 'precision': 0.6434782608695652, 'recall': 0.556390977443609, 'f1': 0.5967741935483871}
No gradient function provided, creating a gradient function. If your Estimator requires transpilation, please provide a pass manager.
{'seed': 45, 'epsilon': 0.02, 'noise_type': 'phase_damping', 'level': 'L4', 'attack_success_rate': 0.37423312883435583, 'robustness_accuracy': 0.588, 'accuracy': 0.588, 'precision': 0.65, 'recall': 0.48872180451127817, 'f1': 0.5579399141630901}
No gradient function provided, creating a gradient function. If your Estimator requires transpilation, please provide a pass manager.
{'seed': 45, 'epsilon': 0.02, 'noise_type': 'readout', 'level': 'L1', 'attack_success_rate': 0.36809815950920244, 'robustness_accuracy': 0.612, 'accuracy': 0.612, 'precision': 0.6353383458646616, 'recall': 0.6353383458646616, 'f1': 0.6353383458646616}
No gradient function provided, creating a gradient function. If your Estimator requires transpilation, please provide a pass manager.
{'seed': 45, 'epsilon': 0.02, 'noise_type': 'readout', 'level': 'L2', 'attack_success_rate': 0.36503067484662577, 'robustness_accuracy': 0.618, 'accuracy': 0.618, 'precision': 0.6404494382022472, 'recall': 0.6428571428571429, 'f1': 0.6416510318949343}
No gradient function provided, creating a gradient function. If your Estimator requires transpilation, please provide a pass manager.
{'seed': 45, 'epsilon': 0.02, 'noise_type': 'readout', 'level': 'L3', 'attack_success_rate': 0.36503067484662577, 'robustness_accuracy': 0.616, 'accuracy': 0.616, 'precision': 0.6434108527131783, 'recall': 0.6240601503759399, 'f1': 0.6335877862595419}
No gradient function provided, creating a gradient function. If your Estimator requires transpilation, please provide a pass manager.
{'seed': 45, 'epsilon': 0.02, 'noise_type': 'readout', 'level': 'L4', 'attack_success_rate': 0.36809815950920244, 'robustness_accuracy': 0.622, 'accuracy': 0.622, 'precision': 0.6558704453441295, 'recall': 0.6090225563909775, 'f1': 0.631578947368421}
No gradient function provided, creating a gradient function. If your Estimator requires transpilation, please provide a pass manager.
{'seed': 45, 'epsilon': 0.02, 'noise_type': 'combined', 'level': 'L2', 'attack_success_rate': 0.3803680981595092, 'robustness_accuracy': 0.6, 'accuracy': 0.6, 'precision': 0.6352459016393442, 'recall': 0.5827067669172933, 'f1': 0.6078431372549019}
No gradient function provided, creating a gradient function. If your Estimator requires transpilation, please provide a pass manager.
{'seed': 45, 'epsilon': 0.05, 'noise_type': 'none', 'level': 'L0', 'attack_success_rate': 0.6104294478527608, 'robustness_accuracy': 0.518, 'accuracy': 0.518, 'precision': 0.5471698113207547, 'recall': 0.5451127819548872, 'f1': 0.5461393596986818}
No gradient function provided, creating a gradient function. If your Estimator requires transpilation, please provide a pass manager.
{'seed': 45, 'epsilon': 0.05, 'noise_type': 'depolarizing', 'level': 'L1', 'attack_success_rate': 0.6134969325153374, 'robustness_accuracy': 0.52, 'accuracy': 0.52, 'precision': 0.5503875968992248, 'recall': 0.5338345864661654, 'f1': 0.5419847328244275}
No gradient function provided, creating a gradient function. If your Estimator requires transpilation, please provide a pass manager.
{'seed': 45, 'epsilon': 0.05, 'noise_type': 'depolarizing', 'level': 'L2', 'attack_success_rate': 0.6134969325153374, 'robustness_accuracy': 0.518, 'accuracy': 0.518, 'precision': 0.5502008032128514, 'recall': 0.5150375939849624, 'f1': 0.5320388349514563}
No gradient function provided, creating a gradient function. If your Estimator requires transpilation, please provide a pass manager.
{'seed': 45, 'epsilon': 0.05, 'noise_type': 'depolarizing', 'level': 'L3', 'attack_success_rate': 0.598159509202454, 'robustness_accuracy': 0.504, 'accuracy': 0.504, 'precision': 0.546875, 'recall': 0.39473684210526316, 'f1': 0.4585152838427948}
No gradient function provided, creating a gradient function. If your Estimator requires transpilation, please provide a pass manager.
{'seed': 45, 'epsilon': 0.05, 'noise_type': 'depolarizing', 'level': 'L4', 'attack_success_rate': 0.6073619631901841, 'robustness_accuracy': 0.478, 'accuracy': 0.478, 'precision': 0.5203252032520326, 'recall': 0.24060150375939848, 'f1': 0.32904884318766064}
No gradient function provided, creating a gradient function. If your Estimator requires transpilation, please provide a pass manager.
{'seed': 45, 'epsilon': 0.05, 'noise_type': 'phase_damping', 'level': 'L1', 'attack_success_rate': 0.6104294478527608, 'robustness_accuracy': 0.522, 'accuracy': 0.522, 'precision': 0.5517241379310345, 'recall': 0.5413533834586466, 'f1': 0.5464895635673624}
No gradient function provided, creating a gradient function. If your Estimator requires transpilation, please provide a pass manager.
{'seed': 45, 'epsilon': 0.05, 'noise_type': 'phase_damping', 'level': 'L2', 'attack_success_rate': 0.6073619631901841, 'robustness_accuracy': 0.524, 'accuracy': 0.524, 'precision': 0.5551181102362205, 'recall': 0.5300751879699248, 'f1': 0.5423076923076923}
No gradient function provided, creating a gradient function. If your Estimator requires transpilation, please provide a pass manager.
{'seed': 45, 'epsilon': 0.05, 'noise_type': 'phase_damping', 'level': 'L3', 'attack_success_rate': 0.6042944785276073, 'robustness_accuracy': 0.516, 'accuracy': 0.516, 'precision': 0.5508474576271186, 'recall': 0.48872180451127817, 'f1': 0.5179282868525896}
No gradient function provided, creating a gradient function. If your Estimator requires transpilation, please provide a pass manager.
{'seed': 45, 'epsilon': 0.05, 'noise_type': 'phase_damping', 'level': 'L4', 'attack_success_rate': 0.5950920245398773, 'robustness_accuracy': 0.514, 'accuracy': 0.514, 'precision': 0.5577889447236181, 'recall': 0.41729323308270677, 'f1': 0.4774193548387097}
No gradient function provided, creating a gradient function. If your Estimator requires transpilation, please provide a pass manager.
{'seed': 45, 'epsilon': 0.05, 'noise_type': 'readout', 'level': 'L1', 'attack_success_rate': 0.6104294478527608, 'robustness_accuracy': 0.51, 'accuracy': 0.51, 'precision': 0.5393258426966292, 'recall': 0.5413533834586466, 'f1': 0.5403377110694184}
No gradient function provided, creating a gradient function. If your Estimator requires transpilation, please provide a pass manager.
{'seed': 45, 'epsilon': 0.05, 'noise_type': 'readout', 'level': 'L2', 'attack_success_rate': 0.6104294478527608, 'robustness_accuracy': 0.514, 'accuracy': 0.514, 'precision': 0.5430711610486891, 'recall': 0.5451127819548872, 'f1': 0.5440900562851783}
No gradient function provided, creating a gradient function. If your Estimator requires transpilation, please provide a pass manager.
{'seed': 45, 'epsilon': 0.05, 'noise_type': 'readout', 'level': 'L3', 'attack_success_rate': 0.6134969325153374, 'robustness_accuracy': 0.512, 'accuracy': 0.512, 'precision': 0.5416666666666666, 'recall': 0.5375939849624061, 'f1': 0.539622641509434}
No gradient function provided, creating a gradient function. If your Estimator requires transpilation, please provide a pass manager.
{'seed': 45, 'epsilon': 0.05, 'noise_type': 'readout', 'level': 'L4', 'attack_success_rate': 0.6165644171779141, 'robustness_accuracy': 0.51, 'accuracy': 0.51, 'precision': 0.5405405405405406, 'recall': 0.5263157894736842, 'f1': 0.5333333333333333}
No gradient function provided, creating a gradient function. If your Estimator requires transpilation, please provide a pass manager.
{'seed': 45, 'epsilon': 0.05, 'noise_type': 'combined', 'level': 'L2', 'attack_success_rate': 0.6104294478527608, 'robustness_accuracy': 0.52, 'accuracy': 0.52, 'precision': 0.5515873015873016, 'recall': 0.5225563909774437, 'f1': 0.5366795366795367}
No gradient function provided, creating a gradient function. If your Estimator requires transpilation, please provide a pass manager.
{'seed': 45, 'epsilon': 0.1, 'noise_type': 'none', 'level': 'L0', 'attack_success_rate': 0.4938650306748466, 'robustness_accuracy': 0.548, 'accuracy': 0.548, 'precision': 0.5775193798449613, 'recall': 0.5601503759398496, 'f1': 0.5687022900763359}
No gradient function provided, creating a gradient function. If your Estimator requires transpilation, please provide a pass manager.
{'seed': 45, 'epsilon': 0.1, 'noise_type': 'depolarizing', 'level': 'L1', 'attack_success_rate': 0.4815950920245399, 'robustness_accuracy': 0.554, 'accuracy': 0.554, 'precision': 0.5856573705179283, 'recall': 0.5526315789473685, 'f1': 0.5686653771760155}
No gradient function provided, creating a gradient function. If your Estimator requires transpilation, please provide a pass manager.
{'seed': 45, 'epsilon': 0.1, 'noise_type': 'depolarizing', 'level': 'L2', 'attack_success_rate': 0.48773006134969327, 'robustness_accuracy': 0.55, 'accuracy': 0.55, 'precision': 0.5850622406639004, 'recall': 0.5300751879699248, 'f1': 0.5562130177514792}
No gradient function provided, creating a gradient function. If your Estimator requires transpilation, please provide a pass manager.
{'seed': 45, 'epsilon': 0.1, 'noise_type': 'depolarizing', 'level': 'L3', 'attack_success_rate': 0.49693251533742333, 'robustness_accuracy': 0.542, 'accuracy': 0.542, 'precision': 0.6010928961748634, 'recall': 0.41353383458646614, 'f1': 0.48997772828507796}
No gradient function provided, creating a gradient function. If your Estimator requires transpilation, please provide a pass manager.
{'seed': 45, 'epsilon': 0.1, 'noise_type': 'depolarizing', 'level': 'L4', 'attack_success_rate': 0.5368098159509203, 'robustness_accuracy': 0.504, 'accuracy': 0.504, 'precision': 0.5818181818181818, 'recall': 0.24060150375939848, 'f1': 0.3404255319148936}
No gradient function provided, creating a gradient function. If your Estimator requires transpilation, please provide a pass manager.
{'seed': 45, 'epsilon': 0.1, 'noise_type': 'phase_damping', 'level': 'L1', 'attack_success_rate': 0.48466257668711654, 'robustness_accuracy': 0.552, 'accuracy': 0.552, 'precision': 0.5826771653543307, 'recall': 0.556390977443609, 'f1': 0.5692307692307692}
No gradient function provided, creating a gradient function. If your Estimator requires transpilation, please provide a pass manager.
{'seed': 45, 'epsilon': 0.1, 'noise_type': 'phase_damping', 'level': 'L2', 'attack_success_rate': 0.48773006134969327, 'robustness_accuracy': 0.548, 'accuracy': 0.548, 'precision': 0.5806451612903226, 'recall': 0.5413533834586466, 'f1': 0.5603112840466926}
No gradient function provided, creating a gradient function. If your Estimator requires transpilation, please provide a pass manager.
{'seed': 45, 'epsilon': 0.1, 'noise_type': 'phase_damping', 'level': 'L3', 'attack_success_rate': 0.4754601226993865, 'robustness_accuracy': 0.554, 'accuracy': 0.554, 'precision': 0.5947136563876652, 'recall': 0.5075187969924813, 'f1': 0.5476673427991886}
No gradient function provided, creating a gradient function. If your Estimator requires transpilation, please provide a pass manager.
{'seed': 45, 'epsilon': 0.1, 'noise_type': 'phase_damping', 'level': 'L4', 'attack_success_rate': 0.4815950920245399, 'robustness_accuracy': 0.54, 'accuracy': 0.54, 'precision': 0.5918367346938775, 'recall': 0.43609022556390975, 'f1': 0.5021645021645021}
No gradient function provided, creating a gradient function. If your Estimator requires transpilation, please provide a pass manager.
{'seed': 45, 'epsilon': 0.1, 'noise_type': 'readout', 'level': 'L1', 'attack_success_rate': 0.4938650306748466, 'robustness_accuracy': 0.548, 'accuracy': 0.548, 'precision': 0.5775193798449613, 'recall': 0.5601503759398496, 'f1': 0.5687022900763359}
No gradient function provided, creating a gradient function. If your Estimator requires transpilation, please provide a pass manager.
{'seed': 45, 'epsilon': 0.1, 'noise_type': 'readout', 'level': 'L2', 'attack_success_rate': 0.4938650306748466, 'robustness_accuracy': 0.546, 'accuracy': 0.546, 'precision': 0.5764705882352941, 'recall': 0.5526315789473685, 'f1': 0.564299424184261}
No gradient function provided, creating a gradient function. If your Estimator requires transpilation, please provide a pass manager.
{'seed': 45, 'epsilon': 0.1, 'noise_type': 'readout', 'level': 'L3', 'attack_success_rate': 0.49079754601226994, 'robustness_accuracy': 0.546, 'accuracy': 0.546, 'precision': 0.5783132530120482, 'recall': 0.5413533834586466, 'f1': 0.5592233009708738}
No gradient function provided, creating a gradient function. If your Estimator requires transpilation, please provide a pass manager.
{'seed': 45, 'epsilon': 0.1, 'noise_type': 'readout', 'level': 'L4', 'attack_success_rate': 0.4938650306748466, 'robustness_accuracy': 0.544, 'accuracy': 0.544, 'precision': 0.576, 'recall': 0.5413533834586466, 'f1': 0.5581395348837209}
No gradient function provided, creating a gradient function. If your Estimator requires transpilation, please provide a pass manager.
{'seed': 45, 'epsilon': 0.1, 'noise_type': 'combined', 'level': 'L2', 'attack_success_rate': 0.48773006134969327, 'robustness_accuracy': 0.552, 'accuracy': 0.552, 'precision': 0.5867768595041323, 'recall': 0.5338345864661654, 'f1': 0.5590551181102362}
No gradient function provided, creating a gradient function. If your Estimator requires transpilation, please provide a pass manager.
{'seed': 45, 'epsilon': 0.15, 'noise_type': 'none', 'level': 'L0', 'attack_success_rate': 0.3773006134969325, 'robustness_accuracy': 0.596, 'accuracy': 0.596, 'precision': 0.6290322580645161, 'recall': 0.5864661654135338, 'f1': 0.6070038910505836}
No gradient function provided, creating a gradient function. If your Estimator requires transpilation, please provide a pass manager.
{'seed': 45, 'epsilon': 0.15, 'noise_type': 'depolarizing', 'level': 'L1', 'attack_success_rate': 0.37116564417177916, 'robustness_accuracy': 0.604, 'accuracy': 0.604, 'precision': 0.639344262295082, 'recall': 0.5864661654135338, 'f1': 0.611764705882353}
No gradient function provided, creating a gradient function. If your Estimator requires transpilation, please provide a pass manager.
{'seed': 45, 'epsilon': 0.15, 'noise_type': 'depolarizing', 'level': 'L2', 'attack_success_rate': 0.37423312883435583, 'robustness_accuracy': 0.604, 'accuracy': 0.604, 'precision': 0.6452991452991453, 'recall': 0.5676691729323309, 'f1': 0.604}
No gradient function provided, creating a gradient function. If your Estimator requires transpilation, please provide a pass manager.
{'seed': 45, 'epsilon': 0.15, 'noise_type': 'depolarizing', 'level': 'L3', 'attack_success_rate': 0.3987730061349693, 'robustness_accuracy': 0.584, 'accuracy': 0.584, 'precision': 0.6526315789473685, 'recall': 0.46616541353383456, 'f1': 0.543859649122807}
No gradient function provided, creating a gradient function. If your Estimator requires transpilation, please provide a pass manager.
{'seed': 45, 'epsilon': 0.15, 'noise_type': 'depolarizing', 'level': 'L4', 'attack_success_rate': 0.4785276073619632, 'robustness_accuracy': 0.526, 'accuracy': 0.526, 'precision': 0.6260869565217392, 'recall': 0.2706766917293233, 'f1': 0.3779527559055118}
No gradient function provided, creating a gradient function. If your Estimator requires transpilation, please provide a pass manager.
{'seed': 45, 'epsilon': 0.15, 'noise_type': 'phase_damping', 'level': 'L1', 'attack_success_rate': 0.37116564417177916, 'robustness_accuracy': 0.602, 'accuracy': 0.602, 'precision': 0.636734693877551, 'recall': 0.5864661654135338, 'f1': 0.6105675146771037}
No gradient function provided, creating a gradient function. If your Estimator requires transpilation, please provide a pass manager.
{'seed': 45, 'epsilon': 0.15, 'noise_type': 'phase_damping', 'level': 'L2', 'attack_success_rate': 0.37423312883435583, 'robustness_accuracy': 0.602, 'accuracy': 0.602, 'precision': 0.6401673640167364, 'recall': 0.575187969924812, 'f1': 0.6059405940594059}
No gradient function provided, creating a gradient function. If your Estimator requires transpilation, please provide a pass manager.
{'seed': 45, 'epsilon': 0.15, 'noise_type': 'phase_damping', 'level': 'L3', 'attack_success_rate': 0.3834355828220859, 'robustness_accuracy': 0.598, 'accuracy': 0.598, 'precision': 0.6484018264840182, 'recall': 0.5338345864661654, 'f1': 0.5855670103092784}
No gradient function provided, creating a gradient function. If your Estimator requires transpilation, please provide a pass manager.
{'seed': 45, 'epsilon': 0.15, 'noise_type': 'phase_damping', 'level': 'L4', 'attack_success_rate': 0.39263803680981596, 'robustness_accuracy': 0.588, 'accuracy': 0.588, 'precision': 0.65, 'recall': 0.48872180451127817, 'f1': 0.5579399141630901}
No gradient function provided, creating a gradient function. If your Estimator requires transpilation, please provide a pass manager.
{'seed': 45, 'epsilon': 0.15, 'noise_type': 'readout', 'level': 'L1', 'attack_success_rate': 0.36809815950920244, 'robustness_accuracy': 0.602, 'accuracy': 0.602, 'precision': 0.6356275303643725, 'recall': 0.5902255639097744, 'f1': 0.6120857699805068}
No gradient function provided, creating a gradient function. If your Estimator requires transpilation, please provide a pass manager.
{'seed': 45, 'epsilon': 0.15, 'noise_type': 'readout', 'level': 'L2', 'attack_success_rate': 0.3773006134969325, 'robustness_accuracy': 0.596, 'accuracy': 0.596, 'precision': 0.6290322580645161, 'recall': 0.5864661654135338, 'f1': 0.6070038910505836}
No gradient function provided, creating a gradient function. If your Estimator requires transpilation, please provide a pass manager.
{'seed': 45, 'epsilon': 0.15, 'noise_type': 'readout', 'level': 'L3', 'attack_success_rate': 0.37423312883435583, 'robustness_accuracy': 0.602, 'accuracy': 0.602, 'precision': 0.636734693877551, 'recall': 0.5864661654135338, 'f1': 0.6105675146771037}
No gradient function provided, creating a gradient function. If your Estimator requires transpilation, please provide a pass manager.
{'seed': 45, 'epsilon': 0.15, 'noise_type': 'readout', 'level': 'L4', 'attack_success_rate': 0.36809815950920244, 'robustness_accuracy': 0.606, 'accuracy': 0.606, 'precision': 0.6408163265306123, 'recall': 0.5902255639097744, 'f1': 0.6144814090019569}
No gradient function provided, creating a gradient function. If your Estimator requires transpilation, please provide a pass manager.
{'seed': 45, 'epsilon': 0.15, 'noise_type': 'combined', 'level': 'L2', 'attack_success_rate': 0.3834355828220859, 'robustness_accuracy': 0.6, 'accuracy': 0.6, 'precision': 0.6422413793103449, 'recall': 0.5601503759398496, 'f1': 0.5983935742971888}
No gradient function provided, creating a gradient function. If your Estimator requires transpilation, please provide a pass manager.
{'seed': 45, 'epsilon': 0.2, 'noise_type': 'none', 'level': 'L0', 'attack_success_rate': 0.34662576687116564, 'robustness_accuracy': 0.62, 'accuracy': 0.62, 'precision': 0.652, 'recall': 0.6127819548872181, 'f1': 0.6317829457364341}
No gradient function provided, creating a gradient function. If your Estimator requires transpilation, please provide a pass manager.
{'seed': 45, 'epsilon': 0.2, 'noise_type': 'depolarizing', 'level': 'L1', 'attack_success_rate': 0.34355828220858897, 'robustness_accuracy': 0.624, 'accuracy': 0.624, 'precision': 0.6585365853658537, 'recall': 0.6090225563909775, 'f1': 0.6328125}
No gradient function provided, creating a gradient function. If your Estimator requires transpilation, please provide a pass manager.
{'seed': 45, 'epsilon': 0.2, 'noise_type': 'depolarizing', 'level': 'L2', 'attack_success_rate': 0.34662576687116564, 'robustness_accuracy': 0.624, 'accuracy': 0.624, 'precision': 0.6638655462184874, 'recall': 0.5939849624060151, 'f1': 0.626984126984127}
No gradient function provided, creating a gradient function. If your Estimator requires transpilation, please provide a pass manager.
{'seed': 45, 'epsilon': 0.2, 'noise_type': 'depolarizing', 'level': 'L3', 'attack_success_rate': 0.36503067484662577, 'robustness_accuracy': 0.604, 'accuracy': 0.604, 'precision': 0.6827956989247311, 'recall': 0.4774436090225564, 'f1': 0.5619469026548672}
No gradient function provided, creating a gradient function. If your Estimator requires transpilation, please provide a pass manager.
{'seed': 45, 'epsilon': 0.2, 'noise_type': 'depolarizing', 'level': 'L4', 'attack_success_rate': 0.4662576687116564, 'robustness_accuracy': 0.542, 'accuracy': 0.542, 'precision': 0.648, 'recall': 0.30451127819548873, 'f1': 0.4143222506393862}
No gradient function provided, creating a gradient function. If your Estimator requires transpilation, please provide a pass manager.
{'seed': 45, 'epsilon': 0.2, 'noise_type': 'phase_damping', 'level': 'L1', 'attack_success_rate': 0.34355828220858897, 'robustness_accuracy': 0.624, 'accuracy': 0.624, 'precision': 0.6585365853658537, 'recall': 0.6090225563909775, 'f1': 0.6328125}
No gradient function provided, creating a gradient function. If your Estimator requires transpilation, please provide a pass manager.
{'seed': 45, 'epsilon': 0.2, 'noise_type': 'phase_damping', 'level': 'L2', 'attack_success_rate': 0.34049079754601225, 'robustness_accuracy': 0.628, 'accuracy': 0.628, 'precision': 0.6652892561983471, 'recall': 0.6052631578947368, 'f1': 0.6338582677165354}
No gradient function provided, creating a gradient function. If your Estimator requires transpilation, please provide a pass manager.
{'seed': 45, 'epsilon': 0.2, 'noise_type': 'phase_damping', 'level': 'L3', 'attack_success_rate': 0.3374233128834356, 'robustness_accuracy': 0.626, 'accuracy': 0.626, 'precision': 0.6724890829694323, 'recall': 0.5789473684210527, 'f1': 0.6222222222222222}
No gradient function provided, creating a gradient function. If your Estimator requires transpilation, please provide a pass manager.
{'seed': 45, 'epsilon': 0.2, 'noise_type': 'phase_damping', 'level': 'L4', 'attack_success_rate': 0.34355828220858897, 'robustness_accuracy': 0.616, 'accuracy': 0.616, 'precision': 0.6831683168316832, 'recall': 0.518796992481203, 'f1': 0.5897435897435898}
No gradient function provided, creating a gradient function. If your Estimator requires transpilation, please provide a pass manager.
{'seed': 45, 'epsilon': 0.2, 'noise_type': 'readout', 'level': 'L1', 'attack_success_rate': 0.3374233128834356, 'robustness_accuracy': 0.622, 'accuracy': 0.622, 'precision': 0.6546184738955824, 'recall': 0.6127819548872181, 'f1': 0.6330097087378641}
No gradient function provided, creating a gradient function. If your Estimator requires transpilation, please provide a pass manager.
{'seed': 45, 'epsilon': 0.2, 'noise_type': 'readout', 'level': 'L2', 'attack_success_rate': 0.34049079754601225, 'robustness_accuracy': 0.622, 'accuracy': 0.622, 'precision': 0.6533864541832669, 'recall': 0.6165413533834586, 'f1': 0.6344294003868471}
No gradient function provided, creating a gradient function. If your Estimator requires transpilation, please provide a pass manager.
{'seed': 45, 'epsilon': 0.2, 'noise_type': 'readout', 'level': 'L3', 'attack_success_rate': 0.32515337423312884, 'robustness_accuracy': 0.634, 'accuracy': 0.634, 'precision': 0.6653386454183267, 'recall': 0.6278195488721805, 'f1': 0.6460348162475822}
No gradient function provided, creating a gradient function. If your Estimator requires transpilation, please provide a pass manager.
{'seed': 45, 'epsilon': 0.2, 'noise_type': 'readout', 'level': 'L4', 'attack_success_rate': 0.3282208588957055, 'robustness_accuracy': 0.626, 'accuracy': 0.626, 'precision': 0.6586345381526104, 'recall': 0.6165413533834586, 'f1': 0.6368932038834951}
No gradient function provided, creating a gradient function. If your Estimator requires transpilation, please provide a pass manager.
{'seed': 45, 'epsilon': 0.2, 'noise_type': 'combined', 'level': 'L2', 'attack_success_rate': 0.3374233128834356, 'robustness_accuracy': 0.626, 'accuracy': 0.626, 'precision': 0.6666666666666666, 'recall': 0.5939849624060151, 'f1': 0.6282306163021869}
No gradient function provided, creating a gradient function. If your Estimator requires transpilation, please provide a pass manager.
{'seed': 45, 'epsilon': 0.3, 'noise_type': 'none', 'level': 'L0', 'attack_success_rate': 0.4754601226993865, 'robustness_accuracy': 0.522, 'accuracy': 0.522, 'precision': 0.56, 'recall': 0.47368421052631576, 'f1': 0.5132382892057027}
No gradient function provided, creating a gradient function. If your Estimator requires transpilation, please provide a pass manager.
{'seed': 45, 'epsilon': 0.3, 'noise_type': 'depolarizing', 'level': 'L1', 'attack_success_rate': 0.4754601226993865, 'robustness_accuracy': 0.522, 'accuracy': 0.522, 'precision': 0.5605381165919282, 'recall': 0.4699248120300752, 'f1': 0.5112474437627812}
No gradient function provided, creating a gradient function. If your Estimator requires transpilation, please provide a pass manager.
{'seed': 45, 'epsilon': 0.3, 'noise_type': 'depolarizing', 'level': 'L2', 'attack_success_rate': 0.4785276073619632, 'robustness_accuracy': 0.516, 'accuracy': 0.516, 'precision': 0.555045871559633, 'recall': 0.4548872180451128, 'f1': 0.5}
No gradient function provided, creating a gradient function. If your Estimator requires transpilation, please provide a pass manager.
{'seed': 45, 'epsilon': 0.3, 'noise_type': 'depolarizing', 'level': 'L3', 'attack_success_rate': 0.49079754601226994, 'robustness_accuracy': 0.506, 'accuracy': 0.506, 'precision': 0.5524861878453039, 'recall': 0.37593984962406013, 'f1': 0.44742729306487694}
No gradient function provided, creating a gradient function. If your Estimator requires transpilation, please provide a pass manager.
{'seed': 45, 'epsilon': 0.3, 'noise_type': 'depolarizing', 'level': 'L4', 'attack_success_rate': 0.5, 'robustness_accuracy': 0.506, 'accuracy': 0.506, 'precision': 0.5811965811965812, 'recall': 0.2556390977443609, 'f1': 0.35509138381201044}
No gradient function provided, creating a gradient function. If your Estimator requires transpilation, please provide a pass manager.
{'seed': 45, 'epsilon': 0.3, 'noise_type': 'phase_damping', 'level': 'L1', 'attack_success_rate': 0.4723926380368098, 'robustness_accuracy': 0.524, 'accuracy': 0.524, 'precision': 0.5619469026548672, 'recall': 0.4774436090225564, 'f1': 0.516260162601626}
No gradient function provided, creating a gradient function. If your Estimator requires transpilation, please provide a pass manager.
{'seed': 45, 'epsilon': 0.3, 'noise_type': 'phase_damping', 'level': 'L2', 'attack_success_rate': 0.4785276073619632, 'robustness_accuracy': 0.518, 'accuracy': 0.518, 'precision': 0.5565610859728507, 'recall': 0.462406015037594, 'f1': 0.5051334702258727}
No gradient function provided, creating a gradient function. If your Estimator requires transpilation, please provide a pass manager.
{'seed': 45, 'epsilon': 0.3, 'noise_type': 'phase_damping', 'level': 'L3', 'attack_success_rate': 0.4662576687116564, 'robustness_accuracy': 0.524, 'accuracy': 0.524, 'precision': 0.5666666666666667, 'recall': 0.4473684210526316, 'f1': 0.5}
No gradient function provided, creating a gradient function. If your Estimator requires transpilation, please provide a pass manager.
{'seed': 45, 'epsilon': 0.3, 'noise_type': 'phase_damping', 'level': 'L4', 'attack_success_rate': 0.4723926380368098, 'robustness_accuracy': 0.516, 'accuracy': 0.516, 'precision': 0.5612244897959183, 'recall': 0.41353383458646614, 'f1': 0.47619047619047616}
No gradient function provided, creating a gradient function. If your Estimator requires transpilation, please provide a pass manager.
{'seed': 45, 'epsilon': 0.3, 'noise_type': 'readout', 'level': 'L1', 'attack_success_rate': 0.4754601226993865, 'robustness_accuracy': 0.518, 'accuracy': 0.518, 'precision': 0.5555555555555556, 'recall': 0.4699248120300752, 'f1': 0.5091649694501018}
No gradient function provided, creating a gradient function. If your Estimator requires transpilation, please provide a pass manager.
{'seed': 45, 'epsilon': 0.3, 'noise_type': 'readout', 'level': 'L2', 'attack_success_rate': 0.4785276073619632, 'robustness_accuracy': 0.516, 'accuracy': 0.516, 'precision': 0.5535714285714286, 'recall': 0.46616541353383456, 'f1': 0.5061224489795918}
No gradient function provided, creating a gradient function. If your Estimator requires transpilation, please provide a pass manager.
{'seed': 45, 'epsilon': 0.3, 'noise_type': 'readout', 'level': 'L3', 'attack_success_rate': 0.48773006134969327, 'robustness_accuracy': 0.516, 'accuracy': 0.516, 'precision': 0.5535714285714286, 'recall': 0.46616541353383456, 'f1': 0.5061224489795918}
No gradient function provided, creating a gradient function. If your Estimator requires transpilation, please provide a pass manager.
{'seed': 45, 'epsilon': 0.3, 'noise_type': 'readout', 'level': 'L4', 'attack_success_rate': 0.4754601226993865, 'robustness_accuracy': 0.516, 'accuracy': 0.516, 'precision': 0.5555555555555556, 'recall': 0.45112781954887216, 'f1': 0.4979253112033195}
No gradient function provided, creating a gradient function. If your Estimator requires transpilation, please provide a pass manager.
{'seed': 45, 'epsilon': 0.3, 'noise_type': 'combined', 'level': 'L2', 'attack_success_rate': 0.48773006134969327, 'robustness_accuracy': 0.508, 'accuracy': 0.508, 'precision': 0.5467289719626168, 'recall': 0.4398496240601504, 'f1': 0.4875}
=== seed 46 ===
No gradient function provided, creating a gradient function. If your Estimator requires transpilation, please provide a pass manager.
No gradient function provided, creating a gradient function. If your Estimator requires transpilation, please provide a pass manager.
{'seed': 46, 'epsilon': 0.0, 'noise_type': 'none', 'level': 'L0', 'attack_success_rate': 0.04746835443037975, 'robustness_accuracy': 0.624, 'accuracy': 0.624, 'precision': 0.6196319018404908, 'recall': 0.7593984962406015, 'f1': 0.6824324324324325}
No gradient function provided, creating a gradient function. If your Estimator requires transpilation, please provide a pass manager.
{'seed': 46, 'epsilon': 0.0, 'noise_type': 'depolarizing', 'level': 'L1', 'attack_success_rate': 0.06645569620253164, 'robustness_accuracy': 0.62, 'accuracy': 0.62, 'precision': 0.6194968553459119, 'recall': 0.7406015037593985, 'f1': 0.6746575342465754}
No gradient function provided, creating a gradient function. If your Estimator requires transpilation, please provide a pass manager.
{'seed': 46, 'epsilon': 0.0, 'noise_type': 'depolarizing', 'level': 'L2', 'attack_success_rate': 0.07278481012658228, 'robustness_accuracy': 0.616, 'accuracy': 0.616, 'precision': 0.6178343949044586, 'recall': 0.7293233082706767, 'f1': 0.6689655172413793}
No gradient function provided, creating a gradient function. If your Estimator requires transpilation, please provide a pass manager.
{'seed': 46, 'epsilon': 0.0, 'noise_type': 'depolarizing', 'level': 'L3', 'attack_success_rate': 0.16455696202531644, 'robustness_accuracy': 0.586, 'accuracy': 0.586, 'precision': 0.6057347670250897, 'recall': 0.6353383458646616, 'f1': 0.6201834862385321}
No gradient function provided, creating a gradient function. If your Estimator requires transpilation, please provide a pass manager.
{'seed': 46, 'epsilon': 0.0, 'noise_type': 'depolarizing', 'level': 'L4', 'attack_success_rate': 0.370253164556962, 'robustness_accuracy': 0.516, 'accuracy': 0.516, 'precision': 0.5517241379310345, 'recall': 0.48120300751879697, 'f1': 0.5140562248995983}
No gradient function provided, creating a gradient function. If your Estimator requires transpilation, please provide a pass manager.
{'seed': 46, 'epsilon': 0.0, 'noise_type': 'phase_damping', 'level': 'L1', 'attack_success_rate': 0.06329113924050633, 'robustness_accuracy': 0.614, 'accuracy': 0.614, 'precision': 0.6130030959752322, 'recall': 0.7443609022556391, 'f1': 0.6723259762308998}
No gradient function provided, creating a gradient function. If your Estimator requires transpilation, please provide a pass manager.
{'seed': 46, 'epsilon': 0.0, 'noise_type': 'phase_damping', 'level': 'L2', 'attack_success_rate': 0.06962025316455696, 'robustness_accuracy': 0.618, 'accuracy': 0.618, 'precision': 0.6182965299684543, 'recall': 0.7368421052631579, 'f1': 0.6723842195540308}
No gradient function provided, creating a gradient function. If your Estimator requires transpilation, please provide a pass manager.
{'seed': 46, 'epsilon': 0.0, 'noise_type': 'phase_damping', 'level': 'L3', 'attack_success_rate': 0.09177215189873418, 'robustness_accuracy': 0.612, 'accuracy': 0.612, 'precision': 0.6168831168831169, 'recall': 0.7142857142857143, 'f1': 0.662020905923345}
No gradient function provided, creating a gradient function. If your Estimator requires transpilation, please provide a pass manager.
{'seed': 46, 'epsilon': 0.0, 'noise_type': 'phase_damping', 'level': 'L4', 'attack_success_rate': 0.15822784810126583, 'robustness_accuracy': 0.582, 'accuracy': 0.582, 'precision': 0.5986159169550173, 'recall': 0.650375939849624, 'f1': 0.6234234234234234}
No gradient function provided, creating a gradient function. If your Estimator requires transpilation, please provide a pass manager.
{'seed': 46, 'epsilon': 0.0, 'noise_type': 'readout', 'level': 'L1', 'attack_success_rate': 0.05063291139240506, 'robustness_accuracy': 0.622, 'accuracy': 0.622, 'precision': 0.6199376947040498, 'recall': 0.7481203007518797, 'f1': 0.6780238500851788}
No gradient function provided, creating a gradient function. If your Estimator requires transpilation, please provide a pass manager.
{'seed': 46, 'epsilon': 0.0, 'noise_type': 'readout', 'level': 'L2', 'attack_success_rate': 0.05063291139240506, 'robustness_accuracy': 0.622, 'accuracy': 0.622, 'precision': 0.6199376947040498, 'recall': 0.7481203007518797, 'f1': 0.6780238500851788}
No gradient function provided, creating a gradient function. If your Estimator requires transpilation, please provide a pass manager.
{'seed': 46, 'epsilon': 0.0, 'noise_type': 'readout', 'level': 'L3', 'attack_success_rate': 0.04430379746835443, 'robustness_accuracy': 0.624, 'accuracy': 0.624, 'precision': 0.6226415094339622, 'recall': 0.7443609022556391, 'f1': 0.678082191780822}
No gradient function provided, creating a gradient function. If your Estimator requires transpilation, please provide a pass manager.
{'seed': 46, 'epsilon': 0.0, 'noise_type': 'readout', 'level': 'L4', 'attack_success_rate': 0.04430379746835443, 'robustness_accuracy': 0.622, 'accuracy': 0.622, 'precision': 0.6206896551724138, 'recall': 0.7443609022556391, 'f1': 0.676923076923077}
No gradient function provided, creating a gradient function. If your Estimator requires transpilation, please provide a pass manager.
{'seed': 46, 'epsilon': 0.0, 'noise_type': 'combined', 'level': 'L2', 'attack_success_rate': 0.060126582278481014, 'robustness_accuracy': 0.628, 'accuracy': 0.628, 'precision': 0.6290322580645161, 'recall': 0.7330827067669173, 'f1': 0.6770833333333334}
No gradient function provided, creating a gradient function. If your Estimator requires transpilation, please provide a pass manager.
{'seed': 46, 'epsilon': 0.02, 'noise_type': 'none', 'level': 'L0', 'attack_success_rate': 0.37658227848101267, 'robustness_accuracy': 0.568, 'accuracy': 0.568, 'precision': 0.5880281690140845, 'recall': 0.6278195488721805, 'f1': 0.6072727272727273}
No gradient function provided, creating a gradient function. If your Estimator requires transpilation, please provide a pass manager.
{'seed': 46, 'epsilon': 0.02, 'noise_type': 'depolarizing', 'level': 'L1', 'attack_success_rate': 0.3924050632911392, 'robustness_accuracy': 0.558, 'accuracy': 0.558, 'precision': 0.5800711743772242, 'recall': 0.6127819548872181, 'f1': 0.5959780621572212}
No gradient function provided, creating a gradient function. If your Estimator requires transpilation, please provide a pass manager.
{'seed': 46, 'epsilon': 0.02, 'noise_type': 'depolarizing', 'level': 'L2', 'attack_success_rate': 0.3987341772151899, 'robustness_accuracy': 0.556, 'accuracy': 0.556, 'precision': 0.579136690647482, 'recall': 0.6052631578947368, 'f1': 0.5919117647058824}
No gradient function provided, creating a gradient function. If your Estimator requires transpilation, please provide a pass manager.
{'seed': 46, 'epsilon': 0.02, 'noise_type': 'depolarizing', 'level': 'L3', 'attack_success_rate': 0.4430379746835443, 'robustness_accuracy': 0.548, 'accuracy': 0.548, 'precision': 0.5826446280991735, 'recall': 0.5300751879699248, 'f1': 0.5551181102362205}
No gradient function provided, creating a gradient function. If your Estimator requires transpilation, please provide a pass manager.
{'seed': 46, 'epsilon': 0.02, 'noise_type': 'depolarizing', 'level': 'L4', 'attack_success_rate': 0.5158227848101266, 'robustness_accuracy': 0.504, 'accuracy': 0.504, 'precision': 0.5428571428571428, 'recall': 0.42857142857142855, 'f1': 0.4789915966386555}
No gradient function provided, creating a gradient function. If your Estimator requires transpilation, please provide a pass manager.
{'seed': 46, 'epsilon': 0.02, 'noise_type': 'phase_damping', 'level': 'L1', 'attack_success_rate': 0.3860759493670886, 'robustness_accuracy': 0.562, 'accuracy': 0.562, 'precision': 0.5836298932384342, 'recall': 0.6165413533834586, 'f1': 0.5996343692870201}
No gradient function provided, creating a gradient function. If your Estimator requires transpilation, please provide a pass manager.
{'seed': 46, 'epsilon': 0.02, 'noise_type': 'phase_damping', 'level': 'L2', 'attack_success_rate': 0.3860759493670886, 'robustness_accuracy': 0.56, 'accuracy': 0.56, 'precision': 0.5815602836879432, 'recall': 0.6165413533834586, 'f1': 0.5985401459854015}
No gradient function provided, creating a gradient function. If your Estimator requires transpilation, please provide a pass manager.
{'seed': 46, 'epsilon': 0.02, 'noise_type': 'phase_damping', 'level': 'L3', 'attack_success_rate': 0.39556962025316456, 'robustness_accuracy': 0.556, 'accuracy': 0.556, 'precision': 0.5833333333333334, 'recall': 0.5789473684210527, 'f1': 0.5811320754716981}
No gradient function provided, creating a gradient function. If your Estimator requires transpilation, please provide a pass manager.
{'seed': 46, 'epsilon': 0.02, 'noise_type': 'phase_damping', 'level': 'L4', 'attack_success_rate': 0.4272151898734177, 'robustness_accuracy': 0.544, 'accuracy': 0.544, 'precision': 0.5753968253968254, 'recall': 0.5451127819548872, 'f1': 0.5598455598455598}
No gradient function provided, creating a gradient function. If your Estimator requires transpilation, please provide a pass manager.
{'seed': 46, 'epsilon': 0.02, 'noise_type': 'readout', 'level': 'L1', 'attack_success_rate': 0.37658227848101267, 'robustness_accuracy': 0.568, 'accuracy': 0.568, 'precision': 0.5868055555555556, 'recall': 0.6353383458646616, 'f1': 0.6101083032490975}
No gradient function provided, creating a gradient function. If your Estimator requires transpilation, please provide a pass manager.
{'seed': 46, 'epsilon': 0.02, 'noise_type': 'readout', 'level': 'L2', 'attack_success_rate': 0.379746835443038, 'robustness_accuracy': 0.566, 'accuracy': 0.566, 'precision': 0.5853658536585366, 'recall': 0.631578947368421, 'f1': 0.6075949367088608}
No gradient function provided, creating a gradient function. If your Estimator requires transpilation, please provide a pass manager.
{'seed': 46, 'epsilon': 0.02, 'noise_type': 'readout', 'level': 'L3', 'attack_success_rate': 0.370253164556962, 'robustness_accuracy': 0.576, 'accuracy': 0.576, 'precision': 0.59375, 'recall': 0.6428571428571429, 'f1': 0.6173285198555957}
No gradient function provided, creating a gradient function. If your Estimator requires transpilation, please provide a pass manager.
{'seed': 46, 'epsilon': 0.02, 'noise_type': 'readout', 'level': 'L4', 'attack_success_rate': 0.3860759493670886, 'robustness_accuracy': 0.56, 'accuracy': 0.56, 'precision': 0.5804195804195804, 'recall': 0.6240601503759399, 'f1': 0.6014492753623188}
No gradient function provided, creating a gradient function. If your Estimator requires transpilation, please provide a pass manager.
{'seed': 46, 'epsilon': 0.02, 'noise_type': 'combined', 'level': 'L2', 'attack_success_rate': 0.40189873417721517, 'robustness_accuracy': 0.55, 'accuracy': 0.55, 'precision': 0.5740072202166066, 'recall': 0.5977443609022557, 'f1': 0.585635359116022}
No gradient function provided, creating a gradient function. If your Estimator requires transpilation, please provide a pass manager.
{'seed': 46, 'epsilon': 0.05, 'noise_type': 'none', 'level': 'L0', 'attack_success_rate': 0.6075949367088608, 'robustness_accuracy': 0.512, 'accuracy': 0.512, 'precision': 0.5436507936507936, 'recall': 0.5150375939849624, 'f1': 0.528957528957529}
No gradient function provided, creating a gradient function. If your Estimator requires transpilation, please provide a pass manager.
{'seed': 46, 'epsilon': 0.05, 'noise_type': 'depolarizing', 'level': 'L1', 'attack_success_rate': 0.6012658227848101, 'robustness_accuracy': 0.518, 'accuracy': 0.518, 'precision': 0.549800796812749, 'recall': 0.518796992481203, 'f1': 0.5338491295938105}
No gradient function provided, creating a gradient function. If your Estimator requires transpilation, please provide a pass manager.
{'seed': 46, 'epsilon': 0.05, 'noise_type': 'depolarizing', 'level': 'L2', 'attack_success_rate': 0.6044303797468354, 'robustness_accuracy': 0.51, 'accuracy': 0.51, 'precision': 0.5421686746987951, 'recall': 0.5075187969924813, 'f1': 0.5242718446601942}
No gradient function provided, creating a gradient function. If your Estimator requires transpilation, please provide a pass manager.
{'seed': 46, 'epsilon': 0.05, 'noise_type': 'depolarizing', 'level': 'L3', 'attack_success_rate': 0.6107594936708861, 'robustness_accuracy': 0.51, 'accuracy': 0.51, 'precision': 0.5492957746478874, 'recall': 0.4398496240601504, 'f1': 0.48851774530271397}
No gradient function provided, creating a gradient function. If your Estimator requires transpilation, please provide a pass manager.
{'seed': 46, 'epsilon': 0.05, 'noise_type': 'depolarizing', 'level': 'L4', 'attack_success_rate': 0.6044303797468354, 'robustness_accuracy': 0.492, 'accuracy': 0.492, 'precision': 0.532608695652174, 'recall': 0.3684210526315789, 'f1': 0.43555555555555553}
No gradient function provided, creating a gradient function. If your Estimator requires transpilation, please provide a pass manager.
{'seed': 46, 'epsilon': 0.05, 'noise_type': 'phase_damping', 'level': 'L1', 'attack_success_rate': 0.5981012658227848, 'robustness_accuracy': 0.518, 'accuracy': 0.518, 'precision': 0.549407114624506, 'recall': 0.5225563909774437, 'f1': 0.535645472061657}
No gradient function provided, creating a gradient function. If your Estimator requires transpilation, please provide a pass manager.
{'seed': 46, 'epsilon': 0.05, 'noise_type': 'phase_damping', 'level': 'L2', 'attack_success_rate': 0.5981012658227848, 'robustness_accuracy': 0.52, 'accuracy': 0.52, 'precision': 0.5515873015873016, 'recall': 0.5225563909774437, 'f1': 0.5366795366795367}
No gradient function provided, creating a gradient function. If your Estimator requires transpilation, please provide a pass manager.
{'seed': 46, 'epsilon': 0.05, 'noise_type': 'phase_damping', 'level': 'L3', 'attack_success_rate': 0.5886075949367089, 'robustness_accuracy': 0.524, 'accuracy': 0.524, 'precision': 0.5583333333333333, 'recall': 0.5037593984962406, 'f1': 0.5296442687747036}
No gradient function provided, creating a gradient function. If your Estimator requires transpilation, please provide a pass manager.
{'seed': 46, 'epsilon': 0.05, 'noise_type': 'phase_damping', 'level': 'L4', 'attack_success_rate': 0.5981012658227848, 'robustness_accuracy': 0.516, 'accuracy': 0.516, 'precision': 0.5530973451327433, 'recall': 0.4699248120300752, 'f1': 0.508130081300813}
No gradient function provided, creating a gradient function. If your Estimator requires transpilation, please provide a pass manager.
{'seed': 46, 'epsilon': 0.05, 'noise_type': 'readout', 'level': 'L1', 'attack_success_rate': 0.5949367088607594, 'robustness_accuracy': 0.52, 'accuracy': 0.52, 'precision': 0.5515873015873016, 'recall': 0.5225563909774437, 'f1': 0.5366795366795367}
No gradient function provided, creating a gradient function. If your Estimator requires transpilation, please provide a pass manager.
{'seed': 46, 'epsilon': 0.05, 'noise_type': 'readout', 'level': 'L2', 'attack_success_rate': 0.5917721518987342, 'robustness_accuracy': 0.524, 'accuracy': 0.524, 'precision': 0.5555555555555556, 'recall': 0.5263157894736842, 'f1': 0.5405405405405406}
No gradient function provided, creating a gradient function. If your Estimator requires transpilation, please provide a pass manager.
{'seed': 46, 'epsilon': 0.05, 'noise_type': 'readout', 'level': 'L3', 'attack_success_rate': 0.5949367088607594, 'robustness_accuracy': 0.522, 'accuracy': 0.522, 'precision': 0.5533596837944664, 'recall': 0.5263157894736842, 'f1': 0.5394990366088632}
No gradient function provided, creating a gradient function. If your Estimator requires transpilation, please provide a pass manager.
{'seed': 46, 'epsilon': 0.05, 'noise_type': 'readout', 'level': 'L4', 'attack_success_rate': 0.5981012658227848, 'robustness_accuracy': 0.51, 'accuracy': 0.51, 'precision': 0.5425101214574899, 'recall': 0.5037593984962406, 'f1': 0.5224171539961013}
No gradient function provided, creating a gradient function. If your Estimator requires transpilation, please provide a pass manager.
{'seed': 46, 'epsilon': 0.05, 'noise_type': 'combined', 'level': 'L2', 'attack_success_rate': 0.5949367088607594, 'robustness_accuracy': 0.518, 'accuracy': 0.518, 'precision': 0.5502008032128514, 'recall': 0.5150375939849624, 'f1': 0.5320388349514563}
No gradient function provided, creating a gradient function. If your Estimator requires transpilation, please provide a pass manager.
{'seed': 46, 'epsilon': 0.1, 'noise_type': 'none', 'level': 'L0', 'attack_success_rate': 0.4778481012658228, 'robustness_accuracy': 0.526, 'accuracy': 0.526, 'precision': 0.5551330798479087, 'recall': 0.5488721804511278, 'f1': 0.5519848771266541}
No gradient function provided, creating a gradient function. If your Estimator requires transpilation, please provide a pass manager.
{'seed': 46, 'epsilon': 0.1, 'noise_type': 'depolarizing', 'level': 'L1', 'attack_success_rate': 0.46835443037974683, 'robustness_accuracy': 0.534, 'accuracy': 0.534, 'precision': 0.5642023346303502, 'recall': 0.5451127819548872, 'f1': 0.5544933078393881}
No gradient function provided, creating a gradient function. If your Estimator requires transpilation, please provide a pass manager.
{'seed': 46, 'epsilon': 0.1, 'noise_type': 'depolarizing', 'level': 'L2', 'attack_success_rate': 0.4651898734177215, 'robustness_accuracy': 0.538, 'accuracy': 0.538, 'precision': 0.5686274509803921, 'recall': 0.5451127819548872, 'f1': 0.5566218809980806}
No gradient function provided, creating a gradient function. If your Estimator requires transpilation, please provide a pass manager.
{'seed': 46, 'epsilon': 0.1, 'noise_type': 'depolarizing', 'level': 'L3', 'attack_success_rate': 0.46835443037974683, 'robustness_accuracy': 0.526, 'accuracy': 0.526, 'precision': 0.5638766519823789, 'recall': 0.48120300751879697, 'f1': 0.5192697768762677}
No gradient function provided, creating a gradient function. If your Estimator requires transpilation, please provide a pass manager.
{'seed': 46, 'epsilon': 0.1, 'noise_type': 'depolarizing', 'level': 'L4', 'attack_success_rate': 0.5474683544303798, 'robustness_accuracy': 0.492, 'accuracy': 0.492, 'precision': 0.531578947368421, 'recall': 0.37969924812030076, 'f1': 0.44298245614035087}
No gradient function provided, creating a gradient function. If your Estimator requires transpilation, please provide a pass manager.
{'seed': 46, 'epsilon': 0.1, 'noise_type': 'phase_damping', 'level': 'L1', 'attack_success_rate': 0.4651898734177215, 'robustness_accuracy': 0.536, 'accuracy': 0.536, 'precision': 0.56640625, 'recall': 0.5451127819548872, 'f1': 0.5555555555555556}
No gradient function provided, creating a gradient function. If your Estimator requires transpilation, please provide a pass manager.
{'seed': 46, 'epsilon': 0.1, 'noise_type': 'phase_damping', 'level': 'L2', 'attack_success_rate': 0.46835443037974683, 'robustness_accuracy': 0.534, 'accuracy': 0.534, 'precision': 0.5642023346303502, 'recall': 0.5451127819548872, 'f1': 0.5544933078393881}
No gradient function provided, creating a gradient function. If your Estimator requires transpilation, please provide a pass manager.
{'seed': 46, 'epsilon': 0.1, 'noise_type': 'phase_damping', 'level': 'L3', 'attack_success_rate': 0.4525316455696203, 'robustness_accuracy': 0.546, 'accuracy': 0.546, 'precision': 0.5789473684210527, 'recall': 0.5375939849624061, 'f1': 0.557504873294347}
No gradient function provided, creating a gradient function. If your Estimator requires transpilation, please provide a pass manager.
{'seed': 46, 'epsilon': 0.1, 'noise_type': 'phase_damping', 'level': 'L4', 'attack_success_rate': 0.46835443037974683, 'robustness_accuracy': 0.53, 'accuracy': 0.53, 'precision': 0.5654008438818565, 'recall': 0.5037593984962406, 'f1': 0.532803180914513}
No gradient function provided, creating a gradient function. If your Estimator requires transpilation, please provide a pass manager.
{'seed': 46, 'epsilon': 0.1, 'noise_type': 'readout', 'level': 'L1', 'attack_success_rate': 0.47151898734177217, 'robustness_accuracy': 0.528, 'accuracy': 0.528, 'precision': 0.5576923076923077, 'recall': 0.5451127819548872, 'f1': 0.5513307984790875}
No gradient function provided, creating a gradient function. If your Estimator requires transpilation, please provide a pass manager.
{'seed': 46, 'epsilon': 0.1, 'noise_type': 'readout', 'level': 'L2', 'attack_success_rate': 0.47151898734177217, 'robustness_accuracy': 0.526, 'accuracy': 0.526, 'precision': 0.5555555555555556, 'recall': 0.5451127819548872, 'f1': 0.5502846299810247}
No gradient function provided, creating a gradient function. If your Estimator requires transpilation, please provide a pass manager.
{'seed': 46, 'epsilon': 0.1, 'noise_type': 'readout', 'level': 'L3', 'attack_success_rate': 0.48417721518987344, 'robustness_accuracy': 0.516, 'accuracy': 0.516, 'precision': 0.5461538461538461, 'recall': 0.5338345864661654, 'f1': 0.5399239543726235}
No gradient function provided, creating a gradient function. If your Estimator requires transpilation, please provide a pass manager.
{'seed': 46, 'epsilon': 0.1, 'noise_type': 'readout', 'level': 'L4', 'attack_success_rate': 0.4651898734177215, 'robustness_accuracy': 0.528, 'accuracy': 0.528, 'precision': 0.556390977443609, 'recall': 0.556390977443609, 'f1': 0.556390977443609}
No gradient function provided, creating a gradient function. If your Estimator requires transpilation, please provide a pass manager.
{'seed': 46, 'epsilon': 0.1, 'noise_type': 'combined', 'level': 'L2', 'attack_success_rate': 0.47151898734177217, 'robustness_accuracy': 0.532, 'accuracy': 0.532, 'precision': 0.5634920634920635, 'recall': 0.5338345864661654, 'f1': 0.5482625482625483}
No gradient function provided, creating a gradient function. If your Estimator requires transpilation, please provide a pass manager.
{'seed': 46, 'epsilon': 0.15, 'noise_type': 'none', 'level': 'L0', 'attack_success_rate': 0.4208860759493671, 'robustness_accuracy': 0.514, 'accuracy': 0.514, 'precision': 0.5415162454873647, 'recall': 0.5639097744360902, 'f1': 0.5524861878453039}
No gradient function provided, creating a gradient function. If your Estimator requires transpilation, please provide a pass manager.
{'seed': 46, 'epsilon': 0.15, 'noise_type': 'depolarizing', 'level': 'L1', 'attack_success_rate': 0.4208860759493671, 'robustness_accuracy': 0.52, 'accuracy': 0.52, 'precision': 0.5474452554744526, 'recall': 0.5639097744360902, 'f1': 0.5555555555555556}
No gradient function provided, creating a gradient function. If your Estimator requires transpilation, please provide a pass manager.
{'seed': 46, 'epsilon': 0.15, 'noise_type': 'depolarizing', 'level': 'L2', 'attack_success_rate': 0.4177215189873418, 'robustness_accuracy': 0.524, 'accuracy': 0.524, 'precision': 0.5518518518518518, 'recall': 0.5601503759398496, 'f1': 0.5559701492537313}
No gradient function provided, creating a gradient function. If your Estimator requires transpilation, please provide a pass manager.
{'seed': 46, 'epsilon': 0.15, 'noise_type': 'depolarizing', 'level': 'L3', 'attack_success_rate': 0.4462025316455696, 'robustness_accuracy': 0.512, 'accuracy': 0.512, 'precision': 0.5450819672131147, 'recall': 0.5, 'f1': 0.5215686274509804}
No gradient function provided, creating a gradient function. If your Estimator requires transpilation, please provide a pass manager.
{'seed': 46, 'epsilon': 0.15, 'noise_type': 'depolarizing', 'level': 'L4', 'attack_success_rate': 0.5031645569620253, 'robustness_accuracy': 0.492, 'accuracy': 0.492, 'precision': 0.5309278350515464, 'recall': 0.38721804511278196, 'f1': 0.44782608695652176}
No gradient function provided, creating a gradient function. If your Estimator requires transpilation, please provide a pass manager.
{'seed': 46, 'epsilon': 0.15, 'noise_type': 'phase_damping', 'level': 'L1', 'attack_success_rate': 0.4208860759493671, 'robustness_accuracy': 0.518, 'accuracy': 0.518, 'precision': 0.5451263537906137, 'recall': 0.5676691729323309, 'f1': 0.5561694290976059}
No gradient function provided, creating a gradient function. If your Estimator requires transpilation, please provide a pass manager.
{'seed': 46, 'epsilon': 0.15, 'noise_type': 'phase_damping', 'level': 'L2', 'attack_success_rate': 0.4177215189873418, 'robustness_accuracy': 0.522, 'accuracy': 0.522, 'precision': 0.5490909090909091, 'recall': 0.5676691729323309, 'f1': 0.5582255083179297}
No gradient function provided, creating a gradient function. If your Estimator requires transpilation, please provide a pass manager.
{'seed': 46, 'epsilon': 0.15, 'noise_type': 'phase_damping', 'level': 'L3', 'attack_success_rate': 0.4240506329113924, 'robustness_accuracy': 0.524, 'accuracy': 0.524, 'precision': 0.553030303030303, 'recall': 0.5488721804511278, 'f1': 0.5509433962264151}
No gradient function provided, creating a gradient function. If your Estimator requires transpilation, please provide a pass manager.
{'seed': 46, 'epsilon': 0.15, 'noise_type': 'phase_damping', 'level': 'L4', 'attack_success_rate': 0.4525316455696203, 'robustness_accuracy': 0.508, 'accuracy': 0.508, 'precision': 0.54, 'recall': 0.5075187969924813, 'f1': 0.5232558139534884}
No gradient function provided, creating a gradient function. If your Estimator requires transpilation, please provide a pass manager.
{'seed': 46, 'epsilon': 0.15, 'noise_type': 'readout', 'level': 'L1', 'attack_success_rate': 0.41455696202531644, 'robustness_accuracy': 0.518, 'accuracy': 0.518, 'precision': 0.5444839857651246, 'recall': 0.575187969924812, 'f1': 0.5594149908592322}
No gradient function provided, creating a gradient function. If your Estimator requires transpilation, please provide a pass manager.
{'seed': 46, 'epsilon': 0.15, 'noise_type': 'readout', 'level': 'L2', 'attack_success_rate': 0.41139240506329117, 'robustness_accuracy': 0.516, 'accuracy': 0.516, 'precision': 0.5425531914893617, 'recall': 0.575187969924812, 'f1': 0.5583941605839416}
No gradient function provided, creating a gradient function. If your Estimator requires transpilation, please provide a pass manager.
{'seed': 46, 'epsilon': 0.15, 'noise_type': 'readout', 'level': 'L3', 'attack_success_rate': 0.4240506329113924, 'robustness_accuracy': 0.516, 'accuracy': 0.516, 'precision': 0.5441176470588235, 'recall': 0.556390977443609, 'f1': 0.550185873605948}
No gradient function provided, creating a gradient function. If your Estimator requires transpilation, please provide a pass manager.
{'seed': 46, 'epsilon': 0.15, 'noise_type': 'readout', 'level': 'L4', 'attack_success_rate': 0.4208860759493671, 'robustness_accuracy': 0.516, 'accuracy': 0.516, 'precision': 0.5444444444444444, 'recall': 0.5526315789473685, 'f1': 0.5485074626865671}
No gradient function provided, creating a gradient function. If your Estimator requires transpilation, please provide a pass manager.
{'seed': 46, 'epsilon': 0.15, 'noise_type': 'combined', 'level': 'L2', 'attack_success_rate': 0.41455696202531644, 'robustness_accuracy': 0.53, 'accuracy': 0.53, 'precision': 0.5567765567765568, 'recall': 0.5714285714285714, 'f1': 0.5640074211502782}
No gradient function provided, creating a gradient function. If your Estimator requires transpilation, please provide a pass manager.
{'seed': 46, 'epsilon': 0.2, 'noise_type': 'none', 'level': 'L0', 'attack_success_rate': 0.3924050632911392, 'robustness_accuracy': 0.548, 'accuracy': 0.548, 'precision': 0.5735294117647058, 'recall': 0.5864661654135338, 'f1': 0.5799256505576208}
No gradient function provided, creating a gradient function. If your Estimator requires transpilation, please provide a pass manager.
{'seed': 46, 'epsilon': 0.2, 'noise_type': 'depolarizing', 'level': 'L1', 'attack_success_rate': 0.3924050632911392, 'robustness_accuracy': 0.55, 'accuracy': 0.55, 'precision': 0.5756457564575646, 'recall': 0.5864661654135338, 'f1': 0.5810055865921788}
No gradient function provided, creating a gradient function. If your Estimator requires transpilation, please provide a pass manager.
{'seed': 46, 'epsilon': 0.2, 'noise_type': 'depolarizing', 'level': 'L2', 'attack_success_rate': 0.40189873417721517, 'robustness_accuracy': 0.546, 'accuracy': 0.546, 'precision': 0.5709090909090909, 'recall': 0.5902255639097744, 'f1': 0.5804066543438078}
No gradient function provided, creating a gradient function. If your Estimator requires transpilation, please provide a pass manager.
{'seed': 46, 'epsilon': 0.2, 'noise_type': 'depolarizing', 'level': 'L3', 'attack_success_rate': 0.43037974683544306, 'robustness_accuracy': 0.526, 'accuracy': 0.526, 'precision': 0.5573122529644269, 'recall': 0.5300751879699248, 'f1': 0.5433526011560693}
No gradient function provided, creating a gradient function. If your Estimator requires transpilation, please provide a pass manager.
{'seed': 46, 'epsilon': 0.2, 'noise_type': 'depolarizing', 'level': 'L4', 'attack_success_rate': 0.5031645569620253, 'robustness_accuracy': 0.5, 'accuracy': 0.5, 'precision': 0.5380952380952381, 'recall': 0.424812030075188, 'f1': 0.47478991596638653}
No gradient function provided, creating a gradient function. If your Estimator requires transpilation, please provide a pass manager.
{'seed': 46, 'epsilon': 0.2, 'noise_type': 'phase_damping', 'level': 'L1', 'attack_success_rate': 0.3924050632911392, 'robustness_accuracy': 0.55, 'accuracy': 0.55, 'precision': 0.5756457564575646, 'recall': 0.5864661654135338, 'f1': 0.5810055865921788}
No gradient function provided, creating a gradient function. If your Estimator requires transpilation, please provide a pass manager.
{'seed': 46, 'epsilon': 0.2, 'noise_type': 'phase_damping', 'level': 'L2', 'attack_success_rate': 0.39556962025316456, 'robustness_accuracy': 0.55, 'accuracy': 0.55, 'precision': 0.5745454545454546, 'recall': 0.5939849624060151, 'f1': 0.5841035120147874}
No gradient function provided, creating a gradient function. If your Estimator requires transpilation, please provide a pass manager.
{'seed': 46, 'epsilon': 0.2, 'noise_type': 'phase_damping', 'level': 'L3', 'attack_success_rate': 0.41139240506329117, 'robustness_accuracy': 0.538, 'accuracy': 0.538, 'precision': 0.5641025641025641, 'recall': 0.5789473684210527, 'f1': 0.5714285714285714}
No gradient function provided, creating a gradient function. If your Estimator requires transpilation, please provide a pass manager.
{'seed': 46, 'epsilon': 0.2, 'noise_type': 'phase_damping', 'level': 'L4', 'attack_success_rate': 0.4272151898734177, 'robustness_accuracy': 0.534, 'accuracy': 0.534, 'precision': 0.5662650602409639, 'recall': 0.5300751879699248, 'f1': 0.5475728155339806}
No gradient function provided, creating a gradient function. If your Estimator requires transpilation, please provide a pass manager.
{'seed': 46, 'epsilon': 0.2, 'noise_type': 'readout', 'level': 'L1', 'attack_success_rate': 0.3924050632911392, 'robustness_accuracy': 0.55, 'accuracy': 0.55, 'precision': 0.575091575091575, 'recall': 0.5902255639097744, 'f1': 0.5825602968460112}
No gradient function provided, creating a gradient function. If your Estimator requires transpilation, please provide a pass manager.
{'seed': 46, 'epsilon': 0.2, 'noise_type': 'readout', 'level': 'L2', 'attack_success_rate': 0.3987341772151899, 'robustness_accuracy': 0.544, 'accuracy': 0.544, 'precision': 0.5698529411764706, 'recall': 0.5827067669172933, 'f1': 0.5762081784386617}
No gradient function provided, creating a gradient function. If your Estimator requires transpilation, please provide a pass manager.
{'seed': 46, 'epsilon': 0.2, 'noise_type': 'readout', 'level': 'L3', 'attack_success_rate': 0.3987341772151899, 'robustness_accuracy': 0.544, 'accuracy': 0.544, 'precision': 0.5698529411764706, 'recall': 0.5827067669172933, 'f1': 0.5762081784386617}
No gradient function provided, creating a gradient function. If your Estimator requires transpilation, please provide a pass manager.
{'seed': 46, 'epsilon': 0.2, 'noise_type': 'readout', 'level': 'L4', 'attack_success_rate': 0.39556962025316456, 'robustness_accuracy': 0.542, 'accuracy': 0.542, 'precision': 0.5682656826568265, 'recall': 0.5789473684210527, 'f1': 0.5735567970204841}
No gradient function provided, creating a gradient function. If your Estimator requires transpilation, please provide a pass manager.
{'seed': 46, 'epsilon': 0.2, 'noise_type': 'combined', 'level': 'L2', 'attack_success_rate': 0.3924050632911392, 'robustness_accuracy': 0.55, 'accuracy': 0.55, 'precision': 0.5745454545454546, 'recall': 0.5939849624060151, 'f1': 0.5841035120147874}
No gradient function provided, creating a gradient function. If your Estimator requires transpilation, please provide a pass manager.
{'seed': 46, 'epsilon': 0.3, 'noise_type': 'none', 'level': 'L0', 'attack_success_rate': 0.46835443037974683, 'robustness_accuracy': 0.512, 'accuracy': 0.512, 'precision': 0.54296875, 'recall': 0.5225563909774437, 'f1': 0.5325670498084292}
No gradient function provided, creating a gradient function. If your Estimator requires transpilation, please provide a pass manager.
{'seed': 46, 'epsilon': 0.3, 'noise_type': 'depolarizing', 'level': 'L1', 'attack_success_rate': 0.4778481012658228, 'robustness_accuracy': 0.504, 'accuracy': 0.504, 'precision': 0.5354330708661418, 'recall': 0.5112781954887218, 'f1': 0.5230769230769231}
No gradient function provided, creating a gradient function. If your Estimator requires transpilation, please provide a pass manager.
{'seed': 46, 'epsilon': 0.3, 'noise_type': 'depolarizing', 'level': 'L2', 'attack_success_rate': 0.4778481012658228, 'robustness_accuracy': 0.508, 'accuracy': 0.508, 'precision': 0.5403225806451613, 'recall': 0.5037593984962406, 'f1': 0.5214007782101168}
No gradient function provided, creating a gradient function. If your Estimator requires transpilation, please provide a pass manager.
{'seed': 46, 'epsilon': 0.3, 'noise_type': 'depolarizing', 'level': 'L3', 'attack_success_rate': 0.5031645569620253, 'robustness_accuracy': 0.498, 'accuracy': 0.498, 'precision': 0.5339366515837104, 'recall': 0.44360902255639095, 'f1': 0.48459958932238195}
No gradient function provided, creating a gradient function. If your Estimator requires transpilation, please provide a pass manager.
{'seed': 46, 'epsilon': 0.3, 'noise_type': 'depolarizing', 'level': 'L4', 'attack_success_rate': 0.5506329113924051, 'robustness_accuracy': 0.476, 'accuracy': 0.476, 'precision': 0.5103092783505154, 'recall': 0.37218045112781956, 'f1': 0.43043478260869567}
No gradient function provided, creating a gradient function. If your Estimator requires transpilation, please provide a pass manager.
{'seed': 46, 'epsilon': 0.3, 'noise_type': 'phase_damping', 'level': 'L1', 'attack_success_rate': 0.4778481012658228, 'robustness_accuracy': 0.506, 'accuracy': 0.506, 'precision': 0.5375494071146245, 'recall': 0.5112781954887218, 'f1': 0.5240847784200385}
No gradient function provided, creating a gradient function. If your Estimator requires transpilation, please provide a pass manager.
{'seed': 46, 'epsilon': 0.3, 'noise_type': 'phase_damping', 'level': 'L2', 'attack_success_rate': 0.4810126582278481, 'robustness_accuracy': 0.5, 'accuracy': 0.5, 'precision': 0.5317460317460317, 'recall': 0.5037593984962406, 'f1': 0.5173745173745173}
No gradient function provided, creating a gradient function. If your Estimator requires transpilation, please provide a pass manager.
{'seed': 46, 'epsilon': 0.3, 'noise_type': 'phase_damping', 'level': 'L3', 'attack_success_rate': 0.4873417721518987, 'robustness_accuracy': 0.502, 'accuracy': 0.502, 'precision': 0.5358649789029536, 'recall': 0.4774436090225564, 'f1': 0.5049701789264414}
No gradient function provided, creating a gradient function. If your Estimator requires transpilation, please provide a pass manager.
{'seed': 46, 'epsilon': 0.3, 'noise_type': 'phase_damping', 'level': 'L4', 'attack_success_rate': 0.5063291139240507, 'robustness_accuracy': 0.494, 'accuracy': 0.494, 'precision': 0.5286343612334802, 'recall': 0.45112781954887216, 'f1': 0.486815415821501}
No gradient function provided, creating a gradient function. If your Estimator requires transpilation, please provide a pass manager.
{'seed': 46, 'epsilon': 0.3, 'noise_type': 'readout', 'level': 'L1', 'attack_success_rate': 0.4620253164556962, 'robustness_accuracy': 0.516, 'accuracy': 0.516, 'precision': 0.546875, 'recall': 0.5263157894736842, 'f1': 0.5363984674329502}
No gradient function provided, creating a gradient function. If your Estimator requires transpilation, please provide a pass manager.
{'seed': 46, 'epsilon': 0.3, 'noise_type': 'readout', 'level': 'L2', 'attack_success_rate': 0.4620253164556962, 'robustness_accuracy': 0.518, 'accuracy': 0.518, 'precision': 0.5490196078431373, 'recall': 0.5263157894736842, 'f1': 0.5374280230326296}
No gradient function provided, creating a gradient function. If your Estimator requires transpilation, please provide a pass manager.
{'seed': 46, 'epsilon': 0.3, 'noise_type': 'readout', 'level': 'L3', 'attack_success_rate': 0.4525316455696203, 'robustness_accuracy': 0.522, 'accuracy': 0.522, 'precision': 0.5525291828793775, 'recall': 0.5338345864661654, 'f1': 0.5430210325047801}
No gradient function provided, creating a gradient function. If your Estimator requires transpilation, please provide a pass manager.
{'seed': 46, 'epsilon': 0.3, 'noise_type': 'readout', 'level': 'L4', 'attack_success_rate': 0.4588607594936709, 'robustness_accuracy': 0.516, 'accuracy': 0.516, 'precision': 0.546875, 'recall': 0.5263157894736842, 'f1': 0.5363984674329502}
No gradient function provided, creating a gradient function. If your Estimator requires transpilation, please provide a pass manager.
{'seed': 46, 'epsilon': 0.3, 'noise_type': 'combined', 'level': 'L2', 'attack_success_rate': 0.46835443037974683, 'robustness_accuracy': 0.514, 'accuracy': 0.514, 'precision': 0.5473251028806584, 'recall': 0.5, 'f1': 0.5225933202357563}
=== seed 47 ===
No gradient function provided, creating a gradient function. If your Estimator requires transpilation, please provide a pass manager.
No gradient function provided, creating a gradient function. If your Estimator requires transpilation, please provide a pass manager.
{'seed': 47, 'epsilon': 0.0, 'noise_type': 'none', 'level': 'L0', 'attack_success_rate': 0.025559105431309903, 'robustness_accuracy': 0.632, 'accuracy': 0.632, 'precision': 0.6375838926174496, 'recall': 0.7142857142857143, 'f1': 0.6737588652482269}
No gradient function provided, creating a gradient function. If your Estimator requires transpilation, please provide a pass manager.
{'seed': 47, 'epsilon': 0.0, 'noise_type': 'depolarizing', 'level': 'L1', 'attack_success_rate': 0.038338658146964855, 'robustness_accuracy': 0.632, 'accuracy': 0.632, 'precision': 0.6394557823129252, 'recall': 0.706766917293233, 'f1': 0.6714285714285714}
No gradient function provided, creating a gradient function. If your Estimator requires transpilation, please provide a pass manager.
{'seed': 47, 'epsilon': 0.0, 'noise_type': 'depolarizing', 'level': 'L2', 'attack_success_rate': 0.04153354632587859, 'robustness_accuracy': 0.638, 'accuracy': 0.638, 'precision': 0.6430976430976431, 'recall': 0.7180451127819549, 'f1': 0.6785079928952042}
No gradient function provided, creating a gradient function. If your Estimator requires transpilation, please provide a pass manager.
{'seed': 47, 'epsilon': 0.0, 'noise_type': 'depolarizing', 'level': 'L3', 'attack_success_rate': 0.08945686900958466, 'robustness_accuracy': 0.654, 'accuracy': 0.654, 'precision': 0.6608996539792388, 'recall': 0.7180451127819549, 'f1': 0.6882882882882883}
No gradient function provided, creating a gradient function. If your Estimator requires transpilation, please provide a pass manager.
{'seed': 47, 'epsilon': 0.0, 'noise_type': 'depolarizing', 'level': 'L4', 'attack_success_rate': 0.25559105431309903, 'robustness_accuracy': 0.598, 'accuracy': 0.598, 'precision': 0.6164874551971327, 'recall': 0.6466165413533834, 'f1': 0.6311926605504588}
No gradient function provided, creating a gradient function. If your Estimator requires transpilation, please provide a pass manager.
{'seed': 47, 'epsilon': 0.0, 'noise_type': 'phase_damping', 'level': 'L1', 'attack_success_rate': 0.03514376996805112, 'robustness_accuracy': 0.63, 'accuracy': 0.63, 'precision': 0.6372881355932203, 'recall': 0.706766917293233, 'f1': 0.6702317290552585}
No gradient function provided, creating a gradient function. If your Estimator requires transpilation, please provide a pass manager.
{'seed': 47, 'epsilon': 0.0, 'noise_type': 'phase_damping', 'level': 'L2', 'attack_success_rate': 0.04153354632587859, 'robustness_accuracy': 0.636, 'accuracy': 0.636, 'precision': 0.6418918918918919, 'recall': 0.7142857142857143, 'f1': 0.6761565836298933}
No gradient function provided, creating a gradient function. If your Estimator requires transpilation, please provide a pass manager.
{'seed': 47, 'epsilon': 0.0, 'noise_type': 'phase_damping', 'level': 'L3', 'attack_success_rate': 0.051118210862619806, 'robustness_accuracy': 0.65, 'accuracy': 0.65, 'precision': 0.6542372881355932, 'recall': 0.7255639097744361, 'f1': 0.6880570409982175}
No gradient function provided, creating a gradient function. If your Estimator requires transpilation, please provide a pass manager.
{'seed': 47, 'epsilon': 0.0, 'noise_type': 'phase_damping', 'level': 'L4', 'attack_success_rate': 0.07348242811501597, 'robustness_accuracy': 0.662, 'accuracy': 0.662, 'precision': 0.6655290102389079, 'recall': 0.7330827067669173, 'f1': 0.6976744186046512}
No gradient function provided, creating a gradient function. If your Estimator requires transpilation, please provide a pass manager.
{'seed': 47, 'epsilon': 0.0, 'noise_type': 'readout', 'level': 'L1', 'attack_success_rate': 0.02875399361022364, 'robustness_accuracy': 0.632, 'accuracy': 0.632, 'precision': 0.6385135135135135, 'recall': 0.7105263157894737, 'f1': 0.6725978647686833}
No gradient function provided, creating a gradient function. If your Estimator requires transpilation, please provide a pass manager.
{'seed': 47, 'epsilon': 0.0, 'noise_type': 'readout', 'level': 'L2', 'attack_success_rate': 0.03194888178913738, 'robustness_accuracy': 0.63, 'accuracy': 0.63, 'precision': 0.6372881355932203, 'recall': 0.706766917293233, 'f1': 0.6702317290552585}
No gradient function provided, creating a gradient function. If your Estimator requires transpilation, please provide a pass manager.
{'seed': 47, 'epsilon': 0.0, 'noise_type': 'readout', 'level': 'L3', 'attack_success_rate': 0.02875399361022364, 'robustness_accuracy': 0.636, 'accuracy': 0.636, 'precision': 0.6418918918918919, 'recall': 0.7142857142857143, 'f1': 0.6761565836298933}
No gradient function provided, creating a gradient function. If your Estimator requires transpilation, please provide a pass manager.
{'seed': 47, 'epsilon': 0.0, 'noise_type': 'readout', 'level': 'L4', 'attack_success_rate': 0.025559105431309903, 'robustness_accuracy': 0.632, 'accuracy': 0.632, 'precision': 0.6385135135135135, 'recall': 0.7105263157894737, 'f1': 0.6725978647686833}
No gradient function provided, creating a gradient function. If your Estimator requires transpilation, please provide a pass manager.
{'seed': 47, 'epsilon': 0.0, 'noise_type': 'combined', 'level': 'L2', 'attack_success_rate': 0.04153354632587859, 'robustness_accuracy': 0.636, 'accuracy': 0.636, 'precision': 0.6409395973154363, 'recall': 0.7180451127819549, 'f1': 0.6773049645390071}
No gradient function provided, creating a gradient function. If your Estimator requires transpilation, please provide a pass manager.
{'seed': 47, 'epsilon': 0.02, 'noise_type': 'none', 'level': 'L0', 'attack_success_rate': 0.3258785942492013, 'robustness_accuracy': 0.612, 'accuracy': 0.612, 'precision': 0.6168831168831169, 'recall': 0.7142857142857143, 'f1': 0.662020905923345}
No gradient function provided, creating a gradient function. If your Estimator requires transpilation, please provide a pass manager.
{'seed': 47, 'epsilon': 0.02, 'noise_type': 'depolarizing', 'level': 'L1', 'attack_success_rate': 0.31629392971246006, 'robustness_accuracy': 0.616, 'accuracy': 0.616, 'precision': 0.6201298701298701, 'recall': 0.7180451127819549, 'f1': 0.6655052264808362}
No gradient function provided, creating a gradient function. If your Estimator requires transpilation, please provide a pass manager.
{'seed': 47, 'epsilon': 0.02, 'noise_type': 'depolarizing', 'level': 'L2', 'attack_success_rate': 0.31629392971246006, 'robustness_accuracy': 0.616, 'accuracy': 0.616, 'precision': 0.6217105263157895, 'recall': 0.7105263157894737, 'f1': 0.6631578947368421}
No gradient function provided, creating a gradient function. If your Estimator requires transpilation, please provide a pass manager.
{'seed': 47, 'epsilon': 0.02, 'noise_type': 'depolarizing', 'level': 'L3', 'attack_success_rate': 0.329073482428115, 'robustness_accuracy': 0.594, 'accuracy': 0.594, 'precision': 0.6060606060606061, 'recall': 0.6766917293233082, 'f1': 0.6394316163410302}
No gradient function provided, creating a gradient function. If your Estimator requires transpilation, please provide a pass manager.
{'seed': 47, 'epsilon': 0.02, 'noise_type': 'depolarizing', 'level': 'L4', 'attack_success_rate': 0.36741214057507987, 'robustness_accuracy': 0.582, 'accuracy': 0.582, 'precision': 0.6014234875444839, 'recall': 0.6353383458646616, 'f1': 0.6179159049360147}
No gradient function provided, creating a gradient function. If your Estimator requires transpilation, please provide a pass manager.
{'seed': 47, 'epsilon': 0.02, 'noise_type': 'phase_damping', 'level': 'L1', 'attack_success_rate': 0.31629392971246006, 'robustness_accuracy': 0.616, 'accuracy': 0.616, 'precision': 0.6209150326797386, 'recall': 0.7142857142857143, 'f1': 0.6643356643356644}
No gradient function provided, creating a gradient function. If your Estimator requires transpilation, please provide a pass manager.
{'seed': 47, 'epsilon': 0.02, 'noise_type': 'phase_damping', 'level': 'L2', 'attack_success_rate': 0.31309904153354634, 'robustness_accuracy': 0.624, 'accuracy': 0.624, 'precision': 0.6282894736842105, 'recall': 0.7180451127819549, 'f1': 0.6701754385964912}
No gradient function provided, creating a gradient function. If your Estimator requires transpilation, please provide a pass manager.
{'seed': 47, 'epsilon': 0.02, 'noise_type': 'phase_damping', 'level': 'L3', 'attack_success_rate': 0.28434504792332266, 'robustness_accuracy': 0.638, 'accuracy': 0.638, 'precision': 0.6402640264026402, 'recall': 0.7293233082706767, 'f1': 0.6818980667838312}
No gradient function provided, creating a gradient function. If your Estimator requires transpilation, please provide a pass manager.
{'seed': 47, 'epsilon': 0.02, 'noise_type': 'phase_damping', 'level': 'L4', 'attack_success_rate': 0.3035143769968051, 'robustness_accuracy': 0.624, 'accuracy': 0.624, 'precision': 0.6308724832214765, 'recall': 0.706766917293233, 'f1': 0.6666666666666666}
No gradient function provided, creating a gradient function. If your Estimator requires transpilation, please provide a pass manager.
{'seed': 47, 'epsilon': 0.02, 'noise_type': 'readout', 'level': 'L1', 'attack_success_rate': 0.3258785942492013, 'robustness_accuracy': 0.608, 'accuracy': 0.608, 'precision': 0.6143790849673203, 'recall': 0.706766917293233, 'f1': 0.6573426573426573}
No gradient function provided, creating a gradient function. If your Estimator requires transpilation, please provide a pass manager.
{'seed': 47, 'epsilon': 0.02, 'noise_type': 'readout', 'level': 'L2', 'attack_success_rate': 0.31309904153354634, 'robustness_accuracy': 0.616, 'accuracy': 0.616, 'precision': 0.6209150326797386, 'recall': 0.7142857142857143, 'f1': 0.6643356643356644}
No gradient function provided, creating a gradient function. If your Estimator requires transpilation, please provide a pass manager.
{'seed': 47, 'epsilon': 0.02, 'noise_type': 'readout', 'level': 'L3', 'attack_success_rate': 0.3194888178913738, 'robustness_accuracy': 0.614, 'accuracy': 0.614, 'precision': 0.6196721311475409, 'recall': 0.7105263157894737, 'f1': 0.6619964973730298}
No gradient function provided, creating a gradient function. If your Estimator requires transpilation, please provide a pass manager.
{'seed': 47, 'epsilon': 0.02, 'noise_type': 'readout', 'level': 'L4', 'attack_success_rate': 0.3226837060702875, 'robustness_accuracy': 0.614, 'accuracy': 0.614, 'precision': 0.6181229773462783, 'recall': 0.7180451127819549, 'f1': 0.6643478260869565}
No gradient function provided, creating a gradient function. If your Estimator requires transpilation, please provide a pass manager.
{'seed': 47, 'epsilon': 0.02, 'noise_type': 'combined', 'level': 'L2', 'attack_success_rate': 0.30990415335463256, 'robustness_accuracy': 0.616, 'accuracy': 0.616, 'precision': 0.6225165562913907, 'recall': 0.706766917293233, 'f1': 0.6619718309859155}
No gradient function provided, creating a gradient function. If your Estimator requires transpilation, please provide a pass manager.
{'seed': 47, 'epsilon': 0.05, 'noise_type': 'none', 'level': 'L0', 'attack_success_rate': 0.5559105431309904, 'robustness_accuracy': 0.554, 'accuracy': 0.554, 'precision': 0.5754385964912281, 'recall': 0.6165413533834586, 'f1': 0.5952813067150635}
No gradient function provided, creating a gradient function. If your Estimator requires transpilation, please provide a pass manager.
{'seed': 47, 'epsilon': 0.05, 'noise_type': 'depolarizing', 'level': 'L1', 'attack_success_rate': 0.5527156549520766, 'robustness_accuracy': 0.552, 'accuracy': 0.552, 'precision': 0.5729166666666666, 'recall': 0.6203007518796992, 'f1': 0.5956678700361011}
No gradient function provided, creating a gradient function. If your Estimator requires transpilation, please provide a pass manager.
{'seed': 47, 'epsilon': 0.05, 'noise_type': 'depolarizing', 'level': 'L2', 'attack_success_rate': 0.536741214057508, 'robustness_accuracy': 0.56, 'accuracy': 0.56, 'precision': 0.5787671232876712, 'recall': 0.6353383458646616, 'f1': 0.6057347670250897}
No gradient function provided, creating a gradient function. If your Estimator requires transpilation, please provide a pass manager.
{'seed': 47, 'epsilon': 0.05, 'noise_type': 'depolarizing', 'level': 'L3', 'attack_success_rate': 0.5015974440894568, 'robustness_accuracy': 0.57, 'accuracy': 0.57, 'precision': 0.5870307167235495, 'recall': 0.6466165413533834, 'f1': 0.6153846153846154}
No gradient function provided, creating a gradient function. If your Estimator requires transpilation, please provide a pass manager.
{'seed': 47, 'epsilon': 0.05, 'noise_type': 'depolarizing', 'level': 'L4', 'attack_success_rate': 0.48242811501597443, 'robustness_accuracy': 0.554, 'accuracy': 0.554, 'precision': 0.5776173285198556, 'recall': 0.6015037593984962, 'f1': 0.5893186003683242}
No gradient function provided, creating a gradient function. If your Estimator requires transpilation, please provide a pass manager.
{'seed': 47, 'epsilon': 0.05, 'noise_type': 'phase_damping', 'level': 'L1', 'attack_success_rate': 0.5527156549520766, 'robustness_accuracy': 0.554, 'accuracy': 0.554, 'precision': 0.5749128919860628, 'recall': 0.6203007518796992, 'f1': 0.596745027124774}
No gradient function provided, creating a gradient function. If your Estimator requires transpilation, please provide a pass manager.
{'seed': 47, 'epsilon': 0.05, 'noise_type': 'phase_damping', 'level': 'L2', 'attack_success_rate': 0.5431309904153354, 'robustness_accuracy': 0.558, 'accuracy': 0.558, 'precision': 0.5778546712802768, 'recall': 0.6278195488721805, 'f1': 0.6018018018018018}
No gradient function provided, creating a gradient function. If your Estimator requires transpilation, please provide a pass manager.
{'seed': 47, 'epsilon': 0.05, 'noise_type': 'phase_damping', 'level': 'L3', 'attack_success_rate': 0.5143769968051118, 'robustness_accuracy': 0.57, 'accuracy': 0.57, 'precision': 0.5858585858585859, 'recall': 0.6541353383458647, 'f1': 0.6181172291296625}
No gradient function provided, creating a gradient function. If your Estimator requires transpilation, please provide a pass manager.
{'seed': 47, 'epsilon': 0.05, 'noise_type': 'phase_damping', 'level': 'L4', 'attack_success_rate': 0.48562300319488816, 'robustness_accuracy': 0.574, 'accuracy': 0.574, 'precision': 0.5892255892255892, 'recall': 0.6578947368421053, 'f1': 0.6216696269982238}
No gradient function provided, creating a gradient function. If your Estimator requires transpilation, please provide a pass manager.
{'seed': 47, 'epsilon': 0.05, 'noise_type': 'readout', 'level': 'L1', 'attack_success_rate': 0.5527156549520766, 'robustness_accuracy': 0.552, 'accuracy': 0.552, 'precision': 0.573943661971831, 'recall': 0.6127819548872181, 'f1': 0.5927272727272728}
No gradient function provided, creating a gradient function. If your Estimator requires transpilation, please provide a pass manager.
{'seed': 47, 'epsilon': 0.05, 'noise_type': 'readout', 'level': 'L2', 'attack_success_rate': 0.5463258785942492, 'robustness_accuracy': 0.554, 'accuracy': 0.554, 'precision': 0.5754385964912281, 'recall': 0.6165413533834586, 'f1': 0.5952813067150635}
No gradient function provided, creating a gradient function. If your Estimator requires transpilation, please provide a pass manager.
{'seed': 47, 'epsilon': 0.05, 'noise_type': 'readout', 'level': 'L3', 'attack_success_rate': 0.549520766773163, 'robustness_accuracy': 0.55, 'accuracy': 0.55, 'precision': 0.5719298245614035, 'recall': 0.6127819548872181, 'f1': 0.5916515426497277}
No gradient function provided, creating a gradient function. If your Estimator requires transpilation, please provide a pass manager.
{'seed': 47, 'epsilon': 0.05, 'noise_type': 'readout', 'level': 'L4', 'attack_success_rate': 0.536741214057508, 'robustness_accuracy': 0.56, 'accuracy': 0.56, 'precision': 0.5793103448275863, 'recall': 0.631578947368421, 'f1': 0.60431654676259}
No gradient function provided, creating a gradient function. If your Estimator requires transpilation, please provide a pass manager.
{'seed': 47, 'epsilon': 0.05, 'noise_type': 'combined', 'level': 'L2', 'attack_success_rate': 0.5271565495207667, 'robustness_accuracy': 0.564, 'accuracy': 0.564, 'precision': 0.5827586206896552, 'recall': 0.6353383458646616, 'f1': 0.6079136690647482}
No gradient function provided, creating a gradient function. If your Estimator requires transpilation, please provide a pass manager.
{'seed': 47, 'epsilon': 0.1, 'noise_type': 'none', 'level': 'L0', 'attack_success_rate': 0.4249201277955272, 'robustness_accuracy': 0.594, 'accuracy': 0.594, 'precision': 0.5993690851735016, 'recall': 0.7142857142857143, 'f1': 0.6518010291595198}
No gradient function provided, creating a gradient function. If your Estimator requires transpilation, please provide a pass manager.
{'seed': 47, 'epsilon': 0.1, 'noise_type': 'depolarizing', 'level': 'L1', 'attack_success_rate': 0.4217252396166134, 'robustness_accuracy': 0.594, 'accuracy': 0.594, 'precision': 0.5993690851735016, 'recall': 0.7142857142857143, 'f1': 0.6518010291595198}
No gradient function provided, creating a gradient function. If your Estimator requires transpilation, please provide a pass manager.
{'seed': 47, 'epsilon': 0.1, 'noise_type': 'depolarizing', 'level': 'L2', 'attack_success_rate': 0.4249201277955272, 'robustness_accuracy': 0.594, 'accuracy': 0.594, 'precision': 0.5993690851735016, 'recall': 0.7142857142857143, 'f1': 0.6518010291595198}
No gradient function provided, creating a gradient function. If your Estimator requires transpilation, please provide a pass manager.
{'seed': 47, 'epsilon': 0.1, 'noise_type': 'depolarizing', 'level': 'L3', 'attack_success_rate': 0.43769968051118213, 'robustness_accuracy': 0.57, 'accuracy': 0.57, 'precision': 0.5830618892508144, 'recall': 0.6729323308270677, 'f1': 0.62478184991274}
No gradient function provided, creating a gradient function. If your Estimator requires transpilation, please provide a pass manager.
{'seed': 47, 'epsilon': 0.1, 'noise_type': 'depolarizing', 'level': 'L4', 'attack_success_rate': 0.4440894568690096, 'robustness_accuracy': 0.554, 'accuracy': 0.554, 'precision': 0.5765124555160143, 'recall': 0.6090225563909775, 'f1': 0.5923217550274223}
No gradient function provided, creating a gradient function. If your Estimator requires transpilation, please provide a pass manager.
{'seed': 47, 'epsilon': 0.1, 'noise_type': 'phase_damping', 'level': 'L1', 'attack_success_rate': 0.4217252396166134, 'robustness_accuracy': 0.594, 'accuracy': 0.594, 'precision': 0.5993690851735016, 'recall': 0.7142857142857143, 'f1': 0.6518010291595198}
No gradient function provided, creating a gradient function. If your Estimator requires transpilation, please provide a pass manager.
{'seed': 47, 'epsilon': 0.1, 'noise_type': 'phase_damping', 'level': 'L2', 'attack_success_rate': 0.4249201277955272, 'robustness_accuracy': 0.594, 'accuracy': 0.594, 'precision': 0.5987460815047022, 'recall': 0.7180451127819549, 'f1': 0.652991452991453}
No gradient function provided, creating a gradient function. If your Estimator requires transpilation, please provide a pass manager.
{'seed': 47, 'epsilon': 0.1, 'noise_type': 'phase_damping', 'level': 'L3', 'attack_success_rate': 0.4217252396166134, 'robustness_accuracy': 0.594, 'accuracy': 0.594, 'precision': 0.6012861736334405, 'recall': 0.7030075187969925, 'f1': 0.6481802426343154}
No gradient function provided, creating a gradient function. If your Estimator requires transpilation, please provide a pass manager.
{'seed': 47, 'epsilon': 0.1, 'noise_type': 'phase_damping', 'level': 'L4', 'attack_success_rate': 0.43450479233226835, 'robustness_accuracy': 0.586, 'accuracy': 0.586, 'precision': 0.5967213114754099, 'recall': 0.6842105263157895, 'f1': 0.637478108581436}
No gradient function provided, creating a gradient function. If your Estimator requires transpilation, please provide a pass manager.
{'seed': 47, 'epsilon': 0.1, 'noise_type': 'readout', 'level': 'L1', 'attack_success_rate': 0.4217252396166134, 'robustness_accuracy': 0.596, 'accuracy': 0.596, 'precision': 0.6012658227848101, 'recall': 0.7142857142857143, 'f1': 0.6529209621993127}
No gradient function provided, creating a gradient function. If your Estimator requires transpilation, please provide a pass manager.
{'seed': 47, 'epsilon': 0.1, 'noise_type': 'readout', 'level': 'L2', 'attack_success_rate': 0.4217252396166134, 'robustness_accuracy': 0.592, 'accuracy': 0.592, 'precision': 0.5981012658227848, 'recall': 0.7105263157894737, 'f1': 0.6494845360824743}
No gradient function provided, creating a gradient function. If your Estimator requires transpilation, please provide a pass manager.
{'seed': 47, 'epsilon': 0.1, 'noise_type': 'readout', 'level': 'L3', 'attack_success_rate': 0.4217252396166134, 'robustness_accuracy': 0.59, 'accuracy': 0.59, 'precision': 0.5968253968253968, 'recall': 0.706766917293233, 'f1': 0.6471600688468159}
No gradient function provided, creating a gradient function. If your Estimator requires transpilation, please provide a pass manager.
{'seed': 47, 'epsilon': 0.1, 'noise_type': 'readout', 'level': 'L4', 'attack_success_rate': 0.4217252396166134, 'robustness_accuracy': 0.594, 'accuracy': 0.594, 'precision': 0.5993690851735016, 'recall': 0.7142857142857143, 'f1': 0.6518010291595198}
No gradient function provided, creating a gradient function. If your Estimator requires transpilation, please provide a pass manager.
{'seed': 47, 'epsilon': 0.1, 'noise_type': 'combined', 'level': 'L2', 'attack_success_rate': 0.4217252396166134, 'robustness_accuracy': 0.59, 'accuracy': 0.59, 'precision': 0.5968253968253968, 'recall': 0.706766917293233, 'f1': 0.6471600688468159}
No gradient function provided, creating a gradient function. If your Estimator requires transpilation, please provide a pass manager.
{'seed': 47, 'epsilon': 0.15, 'noise_type': 'none', 'level': 'L0', 'attack_success_rate': 0.3354632587859425, 'robustness_accuracy': 0.596, 'accuracy': 0.596, 'precision': 0.603225806451613, 'recall': 0.7030075187969925, 'f1': 0.6493055555555556}
No gradient function provided, creating a gradient function. If your Estimator requires transpilation, please provide a pass manager.
{'seed': 47, 'epsilon': 0.15, 'noise_type': 'depolarizing', 'level': 'L1', 'attack_success_rate': 0.3354632587859425, 'robustness_accuracy': 0.596, 'accuracy': 0.596, 'precision': 0.6038961038961039, 'recall': 0.6992481203007519, 'f1': 0.6480836236933798}
No gradient function provided, creating a gradient function. If your Estimator requires transpilation, please provide a pass manager.
{'seed': 47, 'epsilon': 0.15, 'noise_type': 'depolarizing', 'level': 'L2', 'attack_success_rate': 0.33865814696485624, 'robustness_accuracy': 0.594, 'accuracy': 0.594, 'precision': 0.6032786885245902, 'recall': 0.6917293233082706, 'f1': 0.6444833625218914}
No gradient function provided, creating a gradient function. If your Estimator requires transpilation, please provide a pass manager.
{'seed': 47, 'epsilon': 0.15, 'noise_type': 'depolarizing', 'level': 'L3', 'attack_success_rate': 0.3226837060702875, 'robustness_accuracy': 0.602, 'accuracy': 0.602, 'precision': 0.6112956810631229, 'recall': 0.6917293233082706, 'f1': 0.6490299823633157}
No gradient function provided, creating a gradient function. If your Estimator requires transpilation, please provide a pass manager.
{'seed': 47, 'epsilon': 0.15, 'noise_type': 'depolarizing', 'level': 'L4', 'attack_success_rate': 0.36421725239616615, 'robustness_accuracy': 0.588, 'accuracy': 0.588, 'precision': 0.6063829787234043, 'recall': 0.6428571428571429, 'f1': 0.6240875912408759}
No gradient function provided, creating a gradient function. If your Estimator requires transpilation, please provide a pass manager.
{'seed': 47, 'epsilon': 0.15, 'noise_type': 'phase_damping', 'level': 'L1', 'attack_success_rate': 0.3354632587859425, 'robustness_accuracy': 0.596, 'accuracy': 0.596, 'precision': 0.603225806451613, 'recall': 0.7030075187969925, 'f1': 0.6493055555555556}
No gradient function provided, creating a gradient function. If your Estimator requires transpilation, please provide a pass manager.
{'seed': 47, 'epsilon': 0.15, 'noise_type': 'phase_damping', 'level': 'L2', 'attack_success_rate': 0.3258785942492013, 'robustness_accuracy': 0.606, 'accuracy': 0.606, 'precision': 0.6123778501628665, 'recall': 0.706766917293233, 'f1': 0.6561954624781849}
No gradient function provided, creating a gradient function. If your Estimator requires transpilation, please provide a pass manager.
{'seed': 47, 'epsilon': 0.15, 'noise_type': 'phase_damping', 'level': 'L3', 'attack_success_rate': 0.3003194888178914, 'robustness_accuracy': 0.628, 'accuracy': 0.628, 'precision': 0.630718954248366, 'recall': 0.7255639097744361, 'f1': 0.6748251748251748}
No gradient function provided, creating a gradient function. If your Estimator requires transpilation, please provide a pass manager.
{'seed': 47, 'epsilon': 0.15, 'noise_type': 'phase_damping', 'level': 'L4', 'attack_success_rate': 0.3003194888178914, 'robustness_accuracy': 0.626, 'accuracy': 0.626, 'precision': 0.6312292358803987, 'recall': 0.7142857142857143, 'f1': 0.6701940035273368}
No gradient function provided, creating a gradient function. If your Estimator requires transpilation, please provide a pass manager.
{'seed': 47, 'epsilon': 0.15, 'noise_type': 'readout', 'level': 'L1', 'attack_success_rate': 0.34185303514376997, 'robustness_accuracy': 0.59, 'accuracy': 0.59, 'precision': 0.5993485342019544, 'recall': 0.6917293233082706, 'f1': 0.6422338568935427}
No gradient function provided, creating a gradient function. If your Estimator requires transpilation, please provide a pass manager.
{'seed': 47, 'epsilon': 0.15, 'noise_type': 'readout', 'level': 'L2', 'attack_success_rate': 0.3450479233226837, 'robustness_accuracy': 0.59, 'accuracy': 0.59, 'precision': 0.6, 'recall': 0.6879699248120301, 'f1': 0.6409807355516638}
No gradient function provided, creating a gradient function. If your Estimator requires transpilation, please provide a pass manager.
{'seed': 47, 'epsilon': 0.15, 'noise_type': 'readout', 'level': 'L3', 'attack_success_rate': 0.329073482428115, 'robustness_accuracy': 0.596, 'accuracy': 0.596, 'precision': 0.6059602649006622, 'recall': 0.6879699248120301, 'f1': 0.6443661971830986}
No gradient function provided, creating a gradient function. If your Estimator requires transpilation, please provide a pass manager.
{'seed': 47, 'epsilon': 0.15, 'noise_type': 'readout', 'level': 'L4', 'attack_success_rate': 0.3194888178913738, 'robustness_accuracy': 0.606, 'accuracy': 0.606, 'precision': 0.6109324758842444, 'recall': 0.7142857142857143, 'f1': 0.658578856152513}
No gradient function provided, creating a gradient function. If your Estimator requires transpilation, please provide a pass manager.
{'seed': 47, 'epsilon': 0.15, 'noise_type': 'combined', 'level': 'L2', 'attack_success_rate': 0.33226837060702874, 'robustness_accuracy': 0.596, 'accuracy': 0.596, 'precision': 0.6045751633986928, 'recall': 0.6954887218045113, 'f1': 0.6468531468531469}
No gradient function provided, creating a gradient function. If your Estimator requires transpilation, please provide a pass manager.
{'seed': 47, 'epsilon': 0.2, 'noise_type': 'none', 'level': 'L0', 'attack_success_rate': 0.3546325878594249, 'robustness_accuracy': 0.588, 'accuracy': 0.588, 'precision': 0.6013513513513513, 'recall': 0.6691729323308271, 'f1': 0.6334519572953736}
No gradient function provided, creating a gradient function. If your Estimator requires transpilation, please provide a pass manager.
{'seed': 47, 'epsilon': 0.2, 'noise_type': 'depolarizing', 'level': 'L1', 'attack_success_rate': 0.3546325878594249, 'robustness_accuracy': 0.588, 'accuracy': 0.588, 'precision': 0.6013513513513513, 'recall': 0.6691729323308271, 'f1': 0.6334519572953736}
No gradient function provided, creating a gradient function. If your Estimator requires transpilation, please provide a pass manager.
{'seed': 47, 'epsilon': 0.2, 'noise_type': 'depolarizing', 'level': 'L2', 'attack_success_rate': 0.35782747603833864, 'robustness_accuracy': 0.584, 'accuracy': 0.584, 'precision': 0.597972972972973, 'recall': 0.6654135338345865, 'f1': 0.6298932384341637}
No gradient function provided, creating a gradient function. If your Estimator requires transpilation, please provide a pass manager.
{'seed': 47, 'epsilon': 0.2, 'noise_type': 'depolarizing', 'level': 'L3', 'attack_success_rate': 0.329073482428115, 'robustness_accuracy': 0.608, 'accuracy': 0.608, 'precision': 0.6174496644295302, 'recall': 0.6917293233082706, 'f1': 0.6524822695035462}
No gradient function provided, creating a gradient function. If your Estimator requires transpilation, please provide a pass manager.
{'seed': 47, 'epsilon': 0.2, 'noise_type': 'depolarizing', 'level': 'L4', 'attack_success_rate': 0.4057507987220447, 'robustness_accuracy': 0.568, 'accuracy': 0.568, 'precision': 0.5886524822695035, 'recall': 0.6240601503759399, 'f1': 0.6058394160583942}
No gradient function provided, creating a gradient function. If your Estimator requires transpilation, please provide a pass manager.
{'seed': 47, 'epsilon': 0.2, 'noise_type': 'phase_damping', 'level': 'L1', 'attack_success_rate': 0.3546325878594249, 'robustness_accuracy': 0.59, 'accuracy': 0.59, 'precision': 0.6026936026936027, 'recall': 0.6729323308270677, 'f1': 0.6358792184724689}
No gradient function provided, creating a gradient function. If your Estimator requires transpilation, please provide a pass manager.
{'seed': 47, 'epsilon': 0.2, 'noise_type': 'phase_damping', 'level': 'L2', 'attack_success_rate': 0.3546325878594249, 'robustness_accuracy': 0.586, 'accuracy': 0.586, 'precision': 0.5986622073578596, 'recall': 0.6729323308270677, 'f1': 0.6336283185840708}
No gradient function provided, creating a gradient function. If your Estimator requires transpilation, please provide a pass manager.
{'seed': 47, 'epsilon': 0.2, 'noise_type': 'phase_damping', 'level': 'L3', 'attack_success_rate': 0.33865814696485624, 'robustness_accuracy': 0.594, 'accuracy': 0.594, 'precision': 0.6060606060606061, 'recall': 0.6766917293233082, 'f1': 0.6394316163410302}
No gradient function provided, creating a gradient function. If your Estimator requires transpilation, please provide a pass manager.
{'seed': 47, 'epsilon': 0.2, 'noise_type': 'phase_damping', 'level': 'L4', 'attack_success_rate': 0.329073482428115, 'robustness_accuracy': 0.608, 'accuracy': 0.608, 'precision': 0.6121794871794872, 'recall': 0.7180451127819549, 'f1': 0.6608996539792388}
No gradient function provided, creating a gradient function. If your Estimator requires transpilation, please provide a pass manager.
{'seed': 47, 'epsilon': 0.2, 'noise_type': 'readout', 'level': 'L1', 'attack_success_rate': 0.3546325878594249, 'robustness_accuracy': 0.59, 'accuracy': 0.59, 'precision': 0.6026936026936027, 'recall': 0.6729323308270677, 'f1': 0.6358792184724689}
No gradient function provided, creating a gradient function. If your Estimator requires transpilation, please provide a pass manager.
{'seed': 47, 'epsilon': 0.2, 'noise_type': 'readout', 'level': 'L2', 'attack_success_rate': 0.3514376996805112, 'robustness_accuracy': 0.59, 'accuracy': 0.59, 'precision': 0.6033898305084746, 'recall': 0.6691729323308271, 'f1': 0.6345811051693404}
No gradient function provided, creating a gradient function. If your Estimator requires transpilation, please provide a pass manager.
{'seed': 47, 'epsilon': 0.2, 'noise_type': 'readout', 'level': 'L3', 'attack_success_rate': 0.35782747603833864, 'robustness_accuracy': 0.582, 'accuracy': 0.582, 'precision': 0.5959595959595959, 'recall': 0.6654135338345865, 'f1': 0.6287744227353463}
No gradient function provided, creating a gradient function. If your Estimator requires transpilation, please provide a pass manager.
{'seed': 47, 'epsilon': 0.2, 'noise_type': 'readout', 'level': 'L4', 'attack_success_rate': 0.34185303514376997, 'robustness_accuracy': 0.598, 'accuracy': 0.598, 'precision': 0.6109215017064846, 'recall': 0.6729323308270677, 'f1': 0.6404293381037567}
No gradient function provided, creating a gradient function. If your Estimator requires transpilation, please provide a pass manager.
{'seed': 47, 'epsilon': 0.2, 'noise_type': 'combined', 'level': 'L2', 'attack_success_rate': 0.34824281150159747, 'robustness_accuracy': 0.592, 'accuracy': 0.592, 'precision': 0.6047297297297297, 'recall': 0.6729323308270677, 'f1': 0.6370106761565836}
No gradient function provided, creating a gradient function. If your Estimator requires transpilation, please provide a pass manager.
{'seed': 47, 'epsilon': 0.3, 'noise_type': 'none', 'level': 'L0', 'attack_success_rate': 0.45686900958466453, 'robustness_accuracy': 0.536, 'accuracy': 0.536, 'precision': 0.5674603174603174, 'recall': 0.5375939849624061, 'f1': 0.5521235521235521}
No gradient function provided, creating a gradient function. If your Estimator requires transpilation, please provide a pass manager.
{'seed': 47, 'epsilon': 0.3, 'noise_type': 'depolarizing', 'level': 'L1', 'attack_success_rate': 0.46325878594249204, 'robustness_accuracy': 0.528, 'accuracy': 0.528, 'precision': 0.5590551181102362, 'recall': 0.5338345864661654, 'f1': 0.5461538461538461}
No gradient function provided, creating a gradient function. If your Estimator requires transpilation, please provide a pass manager.
{'seed': 47, 'epsilon': 0.3, 'noise_type': 'depolarizing', 'level': 'L2', 'attack_success_rate': 0.46325878594249204, 'robustness_accuracy': 0.534, 'accuracy': 0.534, 'precision': 0.5637065637065637, 'recall': 0.5488721804511278, 'f1': 0.5561904761904762}
No gradient function provided, creating a gradient function. If your Estimator requires transpilation, please provide a pass manager.
{'seed': 47, 'epsilon': 0.3, 'noise_type': 'depolarizing', 'level': 'L3', 'attack_success_rate': 0.46006389776357826, 'robustness_accuracy': 0.532, 'accuracy': 0.532, 'precision': 0.562992125984252, 'recall': 0.5375939849624061, 'f1': 0.55}
No gradient function provided, creating a gradient function. If your Estimator requires transpilation, please provide a pass manager.
{'seed': 47, 'epsilon': 0.3, 'noise_type': 'depolarizing', 'level': 'L4', 'attack_success_rate': 0.46006389776357826, 'robustness_accuracy': 0.54, 'accuracy': 0.54, 'precision': 0.5708661417322834, 'recall': 0.5451127819548872, 'f1': 0.5576923076923077}
No gradient function provided, creating a gradient function. If your Estimator requires transpilation, please provide a pass manager.
{'seed': 47, 'epsilon': 0.3, 'noise_type': 'phase_damping', 'level': 'L1', 'attack_success_rate': 0.46645367412140576, 'robustness_accuracy': 0.53, 'accuracy': 0.53, 'precision': 0.5617529880478087, 'recall': 0.5300751879699248, 'f1': 0.5454545454545454}
No gradient function provided, creating a gradient function. If your Estimator requires transpilation, please provide a pass manager.
{'seed': 47, 'epsilon': 0.3, 'noise_type': 'phase_damping', 'level': 'L2', 'attack_success_rate': 0.46645367412140576, 'robustness_accuracy': 0.53, 'accuracy': 0.53, 'precision': 0.5598455598455598, 'recall': 0.5451127819548872, 'f1': 0.5523809523809524}
No gradient function provided, creating a gradient function. If your Estimator requires transpilation, please provide a pass manager.
{'seed': 47, 'epsilon': 0.3, 'noise_type': 'phase_damping', 'level': 'L3', 'attack_success_rate': 0.46006389776357826, 'robustness_accuracy': 0.534, 'accuracy': 0.534, 'precision': 0.5622641509433962, 'recall': 0.5601503759398496, 'f1': 0.5612052730696798}
No gradient function provided, creating a gradient function. If your Estimator requires transpilation, please provide a pass manager.
{'seed': 47, 'epsilon': 0.3, 'noise_type': 'phase_damping', 'level': 'L4', 'attack_success_rate': 0.4472843450479233, 'robustness_accuracy': 0.548, 'accuracy': 0.548, 'precision': 0.575187969924812, 'recall': 0.575187969924812, 'f1': 0.575187969924812}
No gradient function provided, creating a gradient function. If your Estimator requires transpilation, please provide a pass manager.
{'seed': 47, 'epsilon': 0.3, 'noise_type': 'readout', 'level': 'L1', 'attack_success_rate': 0.46006389776357826, 'robustness_accuracy': 0.53, 'accuracy': 0.53, 'precision': 0.5607843137254902, 'recall': 0.5375939849624061, 'f1': 0.5489443378119002}
No gradient function provided, creating a gradient function. If your Estimator requires transpilation, please provide a pass manager.
{'seed': 47, 'epsilon': 0.3, 'noise_type': 'readout', 'level': 'L2', 'attack_success_rate': 0.46006389776357826, 'robustness_accuracy': 0.53, 'accuracy': 0.53, 'precision': 0.5612648221343873, 'recall': 0.5338345864661654, 'f1': 0.5472061657032755}
No gradient function provided, creating a gradient function. If your Estimator requires transpilation, please provide a pass manager.
{'seed': 47, 'epsilon': 0.3, 'noise_type': 'readout', 'level': 'L3', 'attack_success_rate': 0.45686900958466453, 'robustness_accuracy': 0.536, 'accuracy': 0.536, 'precision': 0.568, 'recall': 0.5338345864661654, 'f1': 0.5503875968992248}
No gradient function provided, creating a gradient function. If your Estimator requires transpilation, please provide a pass manager.
{'seed': 47, 'epsilon': 0.3, 'noise_type': 'readout', 'level': 'L4', 'attack_success_rate': 0.46645367412140576, 'robustness_accuracy': 0.532, 'accuracy': 0.532, 'precision': 0.5645161290322581, 'recall': 0.5263157894736842, 'f1': 0.5447470817120622}
No gradient function provided, creating a gradient function. If your Estimator requires transpilation, please provide a pass manager.
{'seed': 47, 'epsilon': 0.3, 'noise_type': 'combined', 'level': 'L2', 'attack_success_rate': 0.4472843450479233, 'robustness_accuracy': 0.546, 'accuracy': 0.546, 'precision': 0.5747126436781609, 'recall': 0.5639097744360902, 'f1': 0.5692599620493358}
=== seed 48 ===
No gradient function provided, creating a gradient function. If your Estimator requires transpilation, please provide a pass manager.
No gradient function provided, creating a gradient function. If your Estimator requires transpilation, please provide a pass manager.
{'seed': 48, 'epsilon': 0.0, 'noise_type': 'none', 'level': 'L0', 'attack_success_rate': 0.03164556962025317, 'robustness_accuracy': 0.622, 'accuracy': 0.622, 'precision': 0.6360424028268551, 'recall': 0.6766917293233082, 'f1': 0.6557377049180327}
No gradient function provided, creating a gradient function. If your Estimator requires transpilation, please provide a pass manager.
{'seed': 48, 'epsilon': 0.0, 'noise_type': 'depolarizing', 'level': 'L1', 'attack_success_rate': 0.03481012658227848, 'robustness_accuracy': 0.626, 'accuracy': 0.626, 'precision': 0.6395759717314488, 'recall': 0.6804511278195489, 'f1': 0.6593806921675774}
No gradient function provided, creating a gradient function. If your Estimator requires transpilation, please provide a pass manager.
{'seed': 48, 'epsilon': 0.0, 'noise_type': 'depolarizing', 'level': 'L2', 'attack_success_rate': 0.04113924050632911, 'robustness_accuracy': 0.624, 'accuracy': 0.624, 'precision': 0.6382978723404256, 'recall': 0.6766917293233082, 'f1': 0.656934306569343}
No gradient function provided, creating a gradient function. If your Estimator requires transpilation, please provide a pass manager.
{'seed': 48, 'epsilon': 0.0, 'noise_type': 'depolarizing', 'level': 'L3', 'attack_success_rate': 0.18037974683544303, 'robustness_accuracy': 0.584, 'accuracy': 0.584, 'precision': 0.616, 'recall': 0.5789473684210527, 'f1': 0.5968992248062015}
No gradient function provided, creating a gradient function. If your Estimator requires transpilation, please provide a pass manager.
{'seed': 48, 'epsilon': 0.0, 'noise_type': 'depolarizing', 'level': 'L4', 'attack_success_rate': 0.33860759493670883, 'robustness_accuracy': 0.542, 'accuracy': 0.542, 'precision': 0.5868544600938967, 'recall': 0.4699248120300752, 'f1': 0.5219206680584552}
No gradient function provided, creating a gradient function. If your Estimator requires transpilation, please provide a pass manager.
{'seed': 48, 'epsilon': 0.0, 'noise_type': 'phase_damping', 'level': 'L1', 'attack_success_rate': 0.03481012658227848, 'robustness_accuracy': 0.624, 'accuracy': 0.624, 'precision': 0.6373239436619719, 'recall': 0.6804511278195489, 'f1': 0.6581818181818182}
No gradient function provided, creating a gradient function. If your Estimator requires transpilation, please provide a pass manager.
{'seed': 48, 'epsilon': 0.0, 'noise_type': 'phase_damping', 'level': 'L2', 'attack_success_rate': 0.0379746835443038, 'robustness_accuracy': 0.626, 'accuracy': 0.626, 'precision': 0.6395759717314488, 'recall': 0.6804511278195489, 'f1': 0.6593806921675774}
No gradient function provided, creating a gradient function. If your Estimator requires transpilation, please provide a pass manager.
{'seed': 48, 'epsilon': 0.0, 'noise_type': 'phase_damping', 'level': 'L3', 'attack_success_rate': 0.08860759493670886, 'robustness_accuracy': 0.616, 'accuracy': 0.616, 'precision': 0.6360294117647058, 'recall': 0.650375939849624, 'f1': 0.6431226765799256}
No gradient function provided, creating a gradient function. If your Estimator requires transpilation, please provide a pass manager.
{'seed': 48, 'epsilon': 0.0, 'noise_type': 'phase_damping', 'level': 'L4', 'attack_success_rate': 0.1518987341772152, 'robustness_accuracy': 0.6, 'accuracy': 0.6, 'precision': 0.627906976744186, 'recall': 0.6090225563909775, 'f1': 0.6183206106870229}
No gradient function provided, creating a gradient function. If your Estimator requires transpilation, please provide a pass manager.
{'seed': 48, 'epsilon': 0.0, 'noise_type': 'readout', 'level': 'L1', 'attack_success_rate': 0.03164556962025317, 'robustness_accuracy': 0.626, 'accuracy': 0.626, 'precision': 0.6405693950177936, 'recall': 0.6766917293233082, 'f1': 0.6581352833638026}
No gradient function provided, creating a gradient function. If your Estimator requires transpilation, please provide a pass manager.
{'seed': 48, 'epsilon': 0.0, 'noise_type': 'readout', 'level': 'L2', 'attack_success_rate': 0.03164556962025317, 'robustness_accuracy': 0.624, 'accuracy': 0.624, 'precision': 0.6373239436619719, 'recall': 0.6804511278195489, 'f1': 0.6581818181818182}
No gradient function provided, creating a gradient function. If your Estimator requires transpilation, please provide a pass manager.
{'seed': 48, 'epsilon': 0.0, 'noise_type': 'readout', 'level': 'L3', 'attack_success_rate': 0.028481012658227847, 'robustness_accuracy': 0.626, 'accuracy': 0.626, 'precision': 0.6385964912280702, 'recall': 0.6842105263157895, 'f1': 0.6606170598911071}
No gradient function provided, creating a gradient function. If your Estimator requires transpilation, please provide a pass manager.
{'seed': 48, 'epsilon': 0.0, 'noise_type': 'readout', 'level': 'L4', 'attack_success_rate': 0.04430379746835443, 'robustness_accuracy': 0.622, 'accuracy': 0.622, 'precision': 0.6370106761565836, 'recall': 0.6729323308270677, 'f1': 0.6544789762340036}
No gradient function provided, creating a gradient function. If your Estimator requires transpilation, please provide a pass manager.
{'seed': 48, 'epsilon': 0.0, 'noise_type': 'combined', 'level': 'L2', 'attack_success_rate': 0.04113924050632911, 'robustness_accuracy': 0.628, 'accuracy': 0.628, 'precision': 0.6438848920863309, 'recall': 0.6729323308270677, 'f1': 0.6580882352941176}
No gradient function provided, creating a gradient function. If your Estimator requires transpilation, please provide a pass manager.
{'seed': 48, 'epsilon': 0.02, 'noise_type': 'none', 'level': 'L0', 'attack_success_rate': 0.3860759493670886, 'robustness_accuracy': 0.598, 'accuracy': 0.598, 'precision': 0.6294820717131474, 'recall': 0.5939849624060151, 'f1': 0.6112185686653772}
No gradient function provided, creating a gradient function. If your Estimator requires transpilation, please provide a pass manager.
{'seed': 48, 'epsilon': 0.02, 'noise_type': 'depolarizing', 'level': 'L1', 'attack_success_rate': 0.38924050632911394, 'robustness_accuracy': 0.59, 'accuracy': 0.59, 'precision': 0.6234817813765182, 'recall': 0.5789473684210527, 'f1': 0.6003898635477583}
No gradient function provided, creating a gradient function. If your Estimator requires transpilation, please provide a pass manager.
{'seed': 48, 'epsilon': 0.02, 'noise_type': 'depolarizing', 'level': 'L2', 'attack_success_rate': 0.379746835443038, 'robustness_accuracy': 0.598, 'accuracy': 0.598, 'precision': 0.6326530612244898, 'recall': 0.5827067669172933, 'f1': 0.6066536203522505}
No gradient function provided, creating a gradient function. If your Estimator requires transpilation, please provide a pass manager.
{'seed': 48, 'epsilon': 0.02, 'noise_type': 'depolarizing', 'level': 'L3', 'attack_success_rate': 0.4208860759493671, 'robustness_accuracy': 0.554, 'accuracy': 0.554, 'precision': 0.5981735159817352, 'recall': 0.4924812030075188, 'f1': 0.5402061855670103}
No gradient function provided, creating a gradient function. If your Estimator requires transpilation, please provide a pass manager.
{'seed': 48, 'epsilon': 0.02, 'noise_type': 'depolarizing', 'level': 'L4', 'attack_success_rate': 0.47468354430379744, 'robustness_accuracy': 0.5, 'accuracy': 0.5, 'precision': 0.5408163265306123, 'recall': 0.39849624060150374, 'f1': 0.4588744588744589}
No gradient function provided, creating a gradient function. If your Estimator requires transpilation, please provide a pass manager.
{'seed': 48, 'epsilon': 0.02, 'noise_type': 'phase_damping', 'level': 'L1', 'attack_success_rate': 0.3860759493670886, 'robustness_accuracy': 0.596, 'accuracy': 0.596, 'precision': 0.6290322580645161, 'recall': 0.5864661654135338, 'f1': 0.6070038910505836}
No gradient function provided, creating a gradient function. If your Estimator requires transpilation, please provide a pass manager.
{'seed': 48, 'epsilon': 0.02, 'noise_type': 'phase_damping', 'level': 'L2', 'attack_success_rate': 0.3860759493670886, 'robustness_accuracy': 0.592, 'accuracy': 0.592, 'precision': 0.625, 'recall': 0.5827067669172933, 'f1': 0.603112840466926}
No gradient function provided, creating a gradient function. If your Estimator requires transpilation, please provide a pass manager.
{'seed': 48, 'epsilon': 0.02, 'noise_type': 'phase_damping', 'level': 'L3', 'attack_success_rate': 0.379746835443038, 'robustness_accuracy': 0.586, 'accuracy': 0.586, 'precision': 0.6244725738396625, 'recall': 0.556390977443609, 'f1': 0.588469184890656}
No gradient function provided, creating a gradient function. If your Estimator requires transpilation, please provide a pass manager.
{'seed': 48, 'epsilon': 0.02, 'noise_type': 'phase_damping', 'level': 'L4', 'attack_success_rate': 0.41455696202531644, 'robustness_accuracy': 0.568, 'accuracy': 0.568, 'precision': 0.6106194690265486, 'recall': 0.518796992481203, 'f1': 0.5609756097560976}
No gradient function provided, creating a gradient function. If your Estimator requires transpilation, please provide a pass manager.
{'seed': 48, 'epsilon': 0.02, 'noise_type': 'readout', 'level': 'L1', 'attack_success_rate': 0.39556962025316456, 'robustness_accuracy': 0.592, 'accuracy': 0.592, 'precision': 0.624, 'recall': 0.5864661654135338, 'f1': 0.6046511627906976}
No gradient function provided, creating a gradient function. If your Estimator requires transpilation, please provide a pass manager.
{'seed': 48, 'epsilon': 0.02, 'noise_type': 'readout', 'level': 'L2', 'attack_success_rate': 0.379746835443038, 'robustness_accuracy': 0.602, 'accuracy': 0.602, 'precision': 0.6334661354581673, 'recall': 0.5977443609022557, 'f1': 0.6150870406189555}
No gradient function provided, creating a gradient function. If your Estimator requires transpilation, please provide a pass manager.
{'seed': 48, 'epsilon': 0.02, 'noise_type': 'readout', 'level': 'L3', 'attack_success_rate': 0.379746835443038, 'robustness_accuracy': 0.596, 'accuracy': 0.596, 'precision': 0.626984126984127, 'recall': 0.5939849624060151, 'f1': 0.61003861003861}
No gradient function provided, creating a gradient function. If your Estimator requires transpilation, please provide a pass manager.
{'seed': 48, 'epsilon': 0.02, 'noise_type': 'readout', 'level': 'L4', 'attack_success_rate': 0.37658227848101267, 'robustness_accuracy': 0.592, 'accuracy': 0.592, 'precision': 0.62109375, 'recall': 0.5977443609022557, 'f1': 0.6091954022988506}
No gradient function provided, creating a gradient function. If your Estimator requires transpilation, please provide a pass manager.
{'seed': 48, 'epsilon': 0.02, 'noise_type': 'combined', 'level': 'L2', 'attack_success_rate': 0.39556962025316456, 'robustness_accuracy': 0.59, 'accuracy': 0.59, 'precision': 0.6234817813765182, 'recall': 0.5789473684210527, 'f1': 0.6003898635477583}
No gradient function provided, creating a gradient function. If your Estimator requires transpilation, please provide a pass manager.
{'seed': 48, 'epsilon': 0.05, 'noise_type': 'none', 'level': 'L0', 'attack_success_rate': 0.6107594936708861, 'robustness_accuracy': 0.526, 'accuracy': 0.526, 'precision': 0.5606694560669456, 'recall': 0.5037593984962406, 'f1': 0.5306930693069307}
No gradient function provided, creating a gradient function. If your Estimator requires transpilation, please provide a pass manager.
{'seed': 48, 'epsilon': 0.05, 'noise_type': 'depolarizing', 'level': 'L1', 'attack_success_rate': 0.6107594936708861, 'robustness_accuracy': 0.524, 'accuracy': 0.524, 'precision': 0.5588235294117647, 'recall': 0.5, 'f1': 0.5277777777777778}
No gradient function provided, creating a gradient function. If your Estimator requires transpilation, please provide a pass manager.
{'seed': 48, 'epsilon': 0.05, 'noise_type': 'depolarizing', 'level': 'L2', 'attack_success_rate': 0.6075949367088608, 'robustness_accuracy': 0.522, 'accuracy': 0.522, 'precision': 0.5569620253164557, 'recall': 0.49624060150375937, 'f1': 0.5248508946322068}
No gradient function provided, creating a gradient function. If your Estimator requires transpilation, please provide a pass manager.
{'seed': 48, 'epsilon': 0.05, 'noise_type': 'depolarizing', 'level': 'L3', 'attack_success_rate': 0.6044303797468354, 'robustness_accuracy': 0.506, 'accuracy': 0.506, 'precision': 0.5441860465116279, 'recall': 0.4398496240601504, 'f1': 0.4864864864864865}
No gradient function provided, creating a gradient function. If your Estimator requires transpilation, please provide a pass manager.
{'seed': 48, 'epsilon': 0.05, 'noise_type': 'depolarizing', 'level': 'L4', 'attack_success_rate': 0.5284810126582279, 'robustness_accuracy': 0.514, 'accuracy': 0.514, 'precision': 0.5560975609756098, 'recall': 0.42857142857142855, 'f1': 0.4840764331210191}
No gradient function provided, creating a gradient function. If your Estimator requires transpilation, please provide a pass manager.
{'seed': 48, 'epsilon': 0.05, 'noise_type': 'phase_damping', 'level': 'L1', 'attack_success_rate': 0.6075949367088608, 'robustness_accuracy': 0.528, 'accuracy': 0.528, 'precision': 0.5630252100840336, 'recall': 0.5037593984962406, 'f1': 0.5317460317460317}
No gradient function provided, creating a gradient function. If your Estimator requires transpilation, please provide a pass manager.
{'seed': 48, 'epsilon': 0.05, 'noise_type': 'phase_damping', 'level': 'L2', 'attack_success_rate': 0.6075949367088608, 'robustness_accuracy': 0.528, 'accuracy': 0.528, 'precision': 0.5635593220338984, 'recall': 0.5, 'f1': 0.5298804780876494}
No gradient function provided, creating a gradient function. If your Estimator requires transpilation, please provide a pass manager.
{'seed': 48, 'epsilon': 0.05, 'noise_type': 'phase_damping', 'level': 'L3', 'attack_success_rate': 0.6139240506329114, 'robustness_accuracy': 0.512, 'accuracy': 0.512, 'precision': 0.5474137931034483, 'recall': 0.4774436090225564, 'f1': 0.5100401606425703}
No gradient function provided, creating a gradient function. If your Estimator requires transpilation, please provide a pass manager.
{'seed': 48, 'epsilon': 0.05, 'noise_type': 'phase_damping', 'level': 'L4', 'attack_success_rate': 0.5981012658227848, 'robustness_accuracy': 0.506, 'accuracy': 0.506, 'precision': 0.5454545454545454, 'recall': 0.42857142857142855, 'f1': 0.48}
No gradient function provided, creating a gradient function. If your Estimator requires transpilation, please provide a pass manager.
{'seed': 48, 'epsilon': 0.05, 'noise_type': 'readout', 'level': 'L1', 'attack_success_rate': 0.6044303797468354, 'robustness_accuracy': 0.53, 'accuracy': 0.53, 'precision': 0.5648535564853556, 'recall': 0.5075187969924813, 'f1': 0.5346534653465347}
No gradient function provided, creating a gradient function. If your Estimator requires transpilation, please provide a pass manager.
{'seed': 48, 'epsilon': 0.05, 'noise_type': 'readout', 'level': 'L2', 'attack_success_rate': 0.6075949367088608, 'robustness_accuracy': 0.526, 'accuracy': 0.526, 'precision': 0.5617021276595745, 'recall': 0.49624060150375937, 'f1': 0.5269461077844312}
No gradient function provided, creating a gradient function. If your Estimator requires transpilation, please provide a pass manager.
{'seed': 48, 'epsilon': 0.05, 'noise_type': 'readout', 'level': 'L3', 'attack_success_rate': 0.6075949367088608, 'robustness_accuracy': 0.53, 'accuracy': 0.53, 'precision': 0.5654008438818565, 'recall': 0.5037593984962406, 'f1': 0.532803180914513}
No gradient function provided, creating a gradient function. If your Estimator requires transpilation, please provide a pass manager.
{'seed': 48, 'epsilon': 0.05, 'noise_type': 'readout', 'level': 'L4', 'attack_success_rate': 0.5917721518987342, 'robustness_accuracy': 0.542, 'accuracy': 0.542, 'precision': 0.5787234042553191, 'recall': 0.5112781954887218, 'f1': 0.5429141716566867}
No gradient function provided, creating a gradient function. If your Estimator requires transpilation, please provide a pass manager.
{'seed': 48, 'epsilon': 0.05, 'noise_type': 'combined', 'level': 'L2', 'attack_success_rate': 0.6139240506329114, 'robustness_accuracy': 0.516, 'accuracy': 0.516, 'precision': 0.5517241379310345, 'recall': 0.48120300751879697, 'f1': 0.5140562248995983}
No gradient function provided, creating a gradient function. If your Estimator requires transpilation, please provide a pass manager.
{'seed': 48, 'epsilon': 0.1, 'noise_type': 'none', 'level': 'L0', 'attack_success_rate': 0.4240506329113924, 'robustness_accuracy': 0.596, 'accuracy': 0.596, 'precision': 0.6230769230769231, 'recall': 0.6090225563909775, 'f1': 0.6159695817490495}
No gradient function provided, creating a gradient function. If your Estimator requires transpilation, please provide a pass manager.
{'seed': 48, 'epsilon': 0.1, 'noise_type': 'depolarizing', 'level': 'L1', 'attack_success_rate': 0.4240506329113924, 'robustness_accuracy': 0.596, 'accuracy': 0.596, 'precision': 0.624031007751938, 'recall': 0.6052631578947368, 'f1': 0.6145038167938931}
No gradient function provided, creating a gradient function. If your Estimator requires transpilation, please provide a pass manager.
{'seed': 48, 'epsilon': 0.1, 'noise_type': 'depolarizing', 'level': 'L2', 'attack_success_rate': 0.43037974683544306, 'robustness_accuracy': 0.592, 'accuracy': 0.592, 'precision': 0.623015873015873, 'recall': 0.5902255639097744, 'f1': 0.6061776061776062}
No gradient function provided, creating a gradient function. If your Estimator requires transpilation, please provide a pass manager.
{'seed': 48, 'epsilon': 0.1, 'noise_type': 'depolarizing', 'level': 'L3', 'attack_success_rate': 0.47468354430379744, 'robustness_accuracy': 0.558, 'accuracy': 0.558, 'precision': 0.5957446808510638, 'recall': 0.5263157894736842, 'f1': 0.5588822355289421}
No gradient function provided, creating a gradient function. If your Estimator requires transpilation, please provide a pass manager.
{'seed': 48, 'epsilon': 0.1, 'noise_type': 'depolarizing', 'level': 'L4', 'attack_success_rate': 0.49683544303797467, 'robustness_accuracy': 0.518, 'accuracy': 0.518, 'precision': 0.5586854460093896, 'recall': 0.4473684210526316, 'f1': 0.4968684759916493}
No gradient function provided, creating a gradient function. If your Estimator requires transpilation, please provide a pass manager.
{'seed': 48, 'epsilon': 0.1, 'noise_type': 'phase_damping', 'level': 'L1', 'attack_success_rate': 0.4208860759493671, 'robustness_accuracy': 0.598, 'accuracy': 0.598, 'precision': 0.6245210727969349, 'recall': 0.6127819548872181, 'f1': 0.618595825426945}
No gradient function provided, creating a gradient function. If your Estimator requires transpilation, please provide a pass manager.
{'seed': 48, 'epsilon': 0.1, 'noise_type': 'phase_damping', 'level': 'L2', 'attack_success_rate': 0.4272151898734177, 'robustness_accuracy': 0.598, 'accuracy': 0.598, 'precision': 0.6254826254826255, 'recall': 0.6090225563909775, 'f1': 0.6171428571428571}
No gradient function provided, creating a gradient function. If your Estimator requires transpilation, please provide a pass manager.
{'seed': 48, 'epsilon': 0.1, 'noise_type': 'phase_damping', 'level': 'L3', 'attack_success_rate': 0.45569620253164556, 'robustness_accuracy': 0.564, 'accuracy': 0.564, 'precision': 0.5975609756097561, 'recall': 0.5526315789473685, 'f1': 0.57421875}
No gradient function provided, creating a gradient function. If your Estimator requires transpilation, please provide a pass manager.
{'seed': 48, 'epsilon': 0.1, 'noise_type': 'phase_damping', 'level': 'L4', 'attack_success_rate': 0.44936708860759494, 'robustness_accuracy': 0.568, 'accuracy': 0.568, 'precision': 0.6033057851239669, 'recall': 0.5488721804511278, 'f1': 0.5748031496062992}
No gradient function provided, creating a gradient function. If your Estimator requires transpilation, please provide a pass manager.
{'seed': 48, 'epsilon': 0.1, 'noise_type': 'readout', 'level': 'L1', 'attack_success_rate': 0.4240506329113924, 'robustness_accuracy': 0.598, 'accuracy': 0.598, 'precision': 0.6254826254826255, 'recall': 0.6090225563909775, 'f1': 0.6171428571428571}
No gradient function provided, creating a gradient function. If your Estimator requires transpilation, please provide a pass manager.
{'seed': 48, 'epsilon': 0.1, 'noise_type': 'readout', 'level': 'L2', 'attack_success_rate': 0.4240506329113924, 'robustness_accuracy': 0.6, 'accuracy': 0.6, 'precision': 0.627906976744186, 'recall': 0.6090225563909775, 'f1': 0.6183206106870229}
No gradient function provided, creating a gradient function. If your Estimator requires transpilation, please provide a pass manager.
{'seed': 48, 'epsilon': 0.1, 'noise_type': 'readout', 'level': 'L3', 'attack_success_rate': 0.43354430379746833, 'robustness_accuracy': 0.59, 'accuracy': 0.59, 'precision': 0.6196078431372549, 'recall': 0.5939849624060151, 'f1': 0.6065259117082533}
No gradient function provided, creating a gradient function. If your Estimator requires transpilation, please provide a pass manager.
{'seed': 48, 'epsilon': 0.1, 'noise_type': 'readout', 'level': 'L4', 'attack_success_rate': 0.439873417721519, 'robustness_accuracy': 0.588, 'accuracy': 0.588, 'precision': 0.6171875, 'recall': 0.5939849624060151, 'f1': 0.6053639846743295}
No gradient function provided, creating a gradient function. If your Estimator requires transpilation, please provide a pass manager.
{'seed': 48, 'epsilon': 0.1, 'noise_type': 'combined', 'level': 'L2', 'attack_success_rate': 0.43354430379746833, 'robustness_accuracy': 0.59, 'accuracy': 0.59, 'precision': 0.6224899598393574, 'recall': 0.5827067669172933, 'f1': 0.6019417475728155}
No gradient function provided, creating a gradient function. If your Estimator requires transpilation, please provide a pass manager.
{'seed': 48, 'epsilon': 0.15, 'noise_type': 'none', 'level': 'L0', 'attack_success_rate': 0.3322784810126582, 'robustness_accuracy': 0.61, 'accuracy': 0.61, 'precision': 0.6381322957198443, 'recall': 0.6165413533834586, 'f1': 0.627151051625239}
No gradient function provided, creating a gradient function. If your Estimator requires transpilation, please provide a pass manager.
{'seed': 48, 'epsilon': 0.15, 'noise_type': 'depolarizing', 'level': 'L1', 'attack_success_rate': 0.3322784810126582, 'robustness_accuracy': 0.612, 'accuracy': 0.612, 'precision': 0.6417322834645669, 'recall': 0.6127819548872181, 'f1': 0.6269230769230769}
No gradient function provided, creating a gradient function. If your Estimator requires transpilation, please provide a pass manager.
{'seed': 48, 'epsilon': 0.15, 'noise_type': 'depolarizing', 'level': 'L2', 'attack_success_rate': 0.3291139240506329, 'robustness_accuracy': 0.614, 'accuracy': 0.614, 'precision': 0.6442687747035574, 'recall': 0.6127819548872181, 'f1': 0.628131021194605}
No gradient function provided, creating a gradient function. If your Estimator requires transpilation, please provide a pass manager.
{'seed': 48, 'epsilon': 0.15, 'noise_type': 'depolarizing', 'level': 'L3', 'attack_success_rate': 0.38924050632911394, 'robustness_accuracy': 0.57, 'accuracy': 0.57, 'precision': 0.611353711790393, 'recall': 0.5263157894736842, 'f1': 0.5656565656565656}
No gradient function provided, creating a gradient function. If your Estimator requires transpilation, please provide a pass manager.
{'seed': 48, 'epsilon': 0.15, 'noise_type': 'depolarizing', 'level': 'L4', 'attack_success_rate': 0.45569620253164556, 'robustness_accuracy': 0.514, 'accuracy': 0.514, 'precision': 0.5572139303482587, 'recall': 0.42105263157894735, 'f1': 0.4796573875802998}
No gradient function provided, creating a gradient function. If your Estimator requires transpilation, please provide a pass manager.
{'seed': 48, 'epsilon': 0.15, 'noise_type': 'phase_damping', 'level': 'L1', 'attack_success_rate': 0.3322784810126582, 'robustness_accuracy': 0.61, 'accuracy': 0.61, 'precision': 0.6392156862745098, 'recall': 0.6127819548872181, 'f1': 0.6257197696737045}
No gradient function provided, creating a gradient function. If your Estimator requires transpilation, please provide a pass manager.
{'seed': 48, 'epsilon': 0.15, 'noise_type': 'phase_damping', 'level': 'L2', 'attack_success_rate': 0.33544303797468356, 'robustness_accuracy': 0.608, 'accuracy': 0.608, 'precision': 0.6388888888888888, 'recall': 0.6052631578947368, 'f1': 0.6216216216216216}
No gradient function provided, creating a gradient function. If your Estimator requires transpilation, please provide a pass manager.
{'seed': 48, 'epsilon': 0.15, 'noise_type': 'phase_damping', 'level': 'L3', 'attack_success_rate': 0.3449367088607595, 'robustness_accuracy': 0.596, 'accuracy': 0.596, 'precision': 0.6300813008130082, 'recall': 0.5827067669172933, 'f1': 0.60546875}
No gradient function provided, creating a gradient function. If your Estimator requires transpilation, please provide a pass manager.
{'seed': 48, 'epsilon': 0.15, 'noise_type': 'phase_damping', 'level': 'L4', 'attack_success_rate': 0.37341772151898733, 'robustness_accuracy': 0.584, 'accuracy': 0.584, 'precision': 0.6228813559322034, 'recall': 0.5526315789473685, 'f1': 0.5856573705179283}
No gradient function provided, creating a gradient function. If your Estimator requires transpilation, please provide a pass manager.
{'seed': 48, 'epsilon': 0.15, 'noise_type': 'readout', 'level': 'L1', 'attack_success_rate': 0.33544303797468356, 'robustness_accuracy': 0.608, 'accuracy': 0.608, 'precision': 0.63671875, 'recall': 0.6127819548872181, 'f1': 0.6245210727969349}
No gradient function provided, creating a gradient function. If your Estimator requires transpilation, please provide a pass manager.
{'seed': 48, 'epsilon': 0.15, 'noise_type': 'readout', 'level': 'L2', 'attack_success_rate': 0.3322784810126582, 'robustness_accuracy': 0.61, 'accuracy': 0.61, 'precision': 0.6392156862745098, 'recall': 0.6127819548872181, 'f1': 0.6257197696737045}
No gradient function provided, creating a gradient function. If your Estimator requires transpilation, please provide a pass manager.
{'seed': 48, 'epsilon': 0.15, 'noise_type': 'readout', 'level': 'L3', 'attack_success_rate': 0.34177215189873417, 'robustness_accuracy': 0.602, 'accuracy': 0.602, 'precision': 0.6313725490196078, 'recall': 0.6052631578947368, 'f1': 0.6180422264875239}
No gradient function provided, creating a gradient function. If your Estimator requires transpilation, please provide a pass manager.
{'seed': 48, 'epsilon': 0.15, 'noise_type': 'readout', 'level': 'L4', 'attack_success_rate': 0.33544303797468356, 'robustness_accuracy': 0.604, 'accuracy': 0.604, 'precision': 0.6328125, 'recall': 0.6090225563909775, 'f1': 0.6206896551724138}
No gradient function provided, creating a gradient function. If your Estimator requires transpilation, please provide a pass manager.
{'seed': 48, 'epsilon': 0.15, 'noise_type': 'combined', 'level': 'L2', 'attack_success_rate': 0.3322784810126582, 'robustness_accuracy': 0.612, 'accuracy': 0.612, 'precision': 0.644, 'recall': 0.6052631578947368, 'f1': 0.624031007751938}
No gradient function provided, creating a gradient function. If your Estimator requires transpilation, please provide a pass manager.
{'seed': 48, 'epsilon': 0.2, 'noise_type': 'none', 'level': 'L0', 'attack_success_rate': 0.4240506329113924, 'robustness_accuracy': 0.544, 'accuracy': 0.544, 'precision': 0.576, 'recall': 0.5413533834586466, 'f1': 0.5581395348837209}
No gradient function provided, creating a gradient function. If your Estimator requires transpilation, please provide a pass manager.
{'seed': 48, 'epsilon': 0.2, 'noise_type': 'depolarizing', 'level': 'L1', 'attack_success_rate': 0.4272151898734177, 'robustness_accuracy': 0.536, 'accuracy': 0.536, 'precision': 0.568, 'recall': 0.5338345864661654, 'f1': 0.5503875968992248}
No gradient function provided, creating a gradient function. If your Estimator requires transpilation, please provide a pass manager.
{'seed': 48, 'epsilon': 0.2, 'noise_type': 'depolarizing', 'level': 'L2', 'attack_success_rate': 0.4240506329113924, 'robustness_accuracy': 0.538, 'accuracy': 0.538, 'precision': 0.5708502024291497, 'recall': 0.5300751879699248, 'f1': 0.5497076023391813}
No gradient function provided, creating a gradient function. If your Estimator requires transpilation, please provide a pass manager.
{'seed': 48, 'epsilon': 0.2, 'noise_type': 'depolarizing', 'level': 'L3', 'attack_success_rate': 0.4651898734177215, 'robustness_accuracy': 0.508, 'accuracy': 0.508, 'precision': 0.5467289719626168, 'recall': 0.4398496240601504, 'f1': 0.4875}
No gradient function provided, creating a gradient function. If your Estimator requires transpilation, please provide a pass manager.
{'seed': 48, 'epsilon': 0.2, 'noise_type': 'depolarizing', 'level': 'L4', 'attack_success_rate': 0.4588607594936709, 'robustness_accuracy': 0.522, 'accuracy': 0.522, 'precision': 0.5692307692307692, 'recall': 0.41729323308270677, 'f1': 0.48156182212581344}
No gradient function provided, creating a gradient function. If your Estimator requires transpilation, please provide a pass manager.
{'seed': 48, 'epsilon': 0.2, 'noise_type': 'phase_damping', 'level': 'L1', 'attack_success_rate': 0.4272151898734177, 'robustness_accuracy': 0.542, 'accuracy': 0.542, 'precision': 0.5731225296442688, 'recall': 0.5451127819548872, 'f1': 0.558766859344894}
No gradient function provided, creating a gradient function. If your Estimator requires transpilation, please provide a pass manager.
{'seed': 48, 'epsilon': 0.2, 'noise_type': 'phase_damping', 'level': 'L2', 'attack_success_rate': 0.43037974683544306, 'robustness_accuracy': 0.532, 'accuracy': 0.532, 'precision': 0.5645161290322581, 'recall': 0.5263157894736842, 'f1': 0.5447470817120622}
No gradient function provided, creating a gradient function. If your Estimator requires transpilation, please provide a pass manager.
{'seed': 48, 'epsilon': 0.2, 'noise_type': 'phase_damping', 'level': 'L3', 'attack_success_rate': 0.43037974683544306, 'robustness_accuracy': 0.54, 'accuracy': 0.54, 'precision': 0.5769230769230769, 'recall': 0.5075187969924813, 'f1': 0.54}
No gradient function provided, creating a gradient function. If your Estimator requires transpilation, please provide a pass manager.
{'seed': 48, 'epsilon': 0.2, 'noise_type': 'phase_damping', 'level': 'L4', 'attack_success_rate': 0.44936708860759494, 'robustness_accuracy': 0.52, 'accuracy': 0.52, 'precision': 0.5607476635514018, 'recall': 0.45112781954887216, 'f1': 0.5}
No gradient function provided, creating a gradient function. If your Estimator requires transpilation, please provide a pass manager.
{'seed': 48, 'epsilon': 0.2, 'noise_type': 'readout', 'level': 'L1', 'attack_success_rate': 0.4272151898734177, 'robustness_accuracy': 0.54, 'accuracy': 0.54, 'precision': 0.5714285714285714, 'recall': 0.5413533834586466, 'f1': 0.555984555984556}
No gradient function provided, creating a gradient function. If your Estimator requires transpilation, please provide a pass manager.
{'seed': 48, 'epsilon': 0.2, 'noise_type': 'readout', 'level': 'L2', 'attack_success_rate': 0.4240506329113924, 'robustness_accuracy': 0.546, 'accuracy': 0.546, 'precision': 0.5776892430278885, 'recall': 0.5451127819548872, 'f1': 0.5609284332688588}
No gradient function provided, creating a gradient function. If your Estimator requires transpilation, please provide a pass manager.
{'seed': 48, 'epsilon': 0.2, 'noise_type': 'readout', 'level': 'L3', 'attack_success_rate': 0.4208860759493671, 'robustness_accuracy': 0.55, 'accuracy': 0.55, 'precision': 0.582995951417004, 'recall': 0.5413533834586466, 'f1': 0.5614035087719298}
No gradient function provided, creating a gradient function. If your Estimator requires transpilation, please provide a pass manager.
{'seed': 48, 'epsilon': 0.2, 'noise_type': 'readout', 'level': 'L4', 'attack_success_rate': 0.4240506329113924, 'robustness_accuracy': 0.544, 'accuracy': 0.544, 'precision': 0.5753968253968254, 'recall': 0.5451127819548872, 'f1': 0.5598455598455598}
No gradient function provided, creating a gradient function. If your Estimator requires transpilation, please provide a pass manager.
{'seed': 48, 'epsilon': 0.2, 'noise_type': 'combined', 'level': 'L2', 'attack_success_rate': 0.4208860759493671, 'robustness_accuracy': 0.542, 'accuracy': 0.542, 'precision': 0.5755102040816327, 'recall': 0.5300751879699248, 'f1': 0.5518590998043053}
No gradient function provided, creating a gradient function. If your Estimator requires transpilation, please provide a pass manager.
{'seed': 48, 'epsilon': 0.3, 'noise_type': 'none', 'level': 'L0', 'attack_success_rate': 0.5031645569620253, 'robustness_accuracy': 0.486, 'accuracy': 0.486, 'precision': 0.5183673469387755, 'recall': 0.4774436090225564, 'f1': 0.49706457925636005}
No gradient function provided, creating a gradient function. If your Estimator requires transpilation, please provide a pass manager.
{'seed': 48, 'epsilon': 0.3, 'noise_type': 'depolarizing', 'level': 'L1', 'attack_success_rate': 0.5063291139240507, 'robustness_accuracy': 0.486, 'accuracy': 0.486, 'precision': 0.5183673469387755, 'recall': 0.4774436090225564, 'f1': 0.49706457925636005}
No gradient function provided, creating a gradient function. If your Estimator requires transpilation, please provide a pass manager.
{'seed': 48, 'epsilon': 0.3, 'noise_type': 'depolarizing', 'level': 'L2', 'attack_success_rate': 0.5126582278481012, 'robustness_accuracy': 0.484, 'accuracy': 0.484, 'precision': 0.5163934426229508, 'recall': 0.47368421052631576, 'f1': 0.49411764705882355}
No gradient function provided, creating a gradient function. If your Estimator requires transpilation, please provide a pass manager.
{'seed': 48, 'epsilon': 0.3, 'noise_type': 'depolarizing', 'level': 'L3', 'attack_success_rate': 0.5316455696202531, 'robustness_accuracy': 0.47, 'accuracy': 0.47, 'precision': 0.502283105022831, 'recall': 0.41353383458646614, 'f1': 0.4536082474226804}
No gradient function provided, creating a gradient function. If your Estimator requires transpilation, please provide a pass manager.
{'seed': 48, 'epsilon': 0.3, 'noise_type': 'depolarizing', 'level': 'L4', 'attack_success_rate': 0.5284810126582279, 'robustness_accuracy': 0.466, 'accuracy': 0.466, 'precision': 0.4975369458128079, 'recall': 0.37969924812030076, 'f1': 0.43070362473347545}
No gradient function provided, creating a gradient function. If your Estimator requires transpilation, please provide a pass manager.
{'seed': 48, 'epsilon': 0.3, 'noise_type': 'phase_damping', 'level': 'L1', 'attack_success_rate': 0.5031645569620253, 'robustness_accuracy': 0.488, 'accuracy': 0.488, 'precision': 0.5204918032786885, 'recall': 0.4774436090225564, 'f1': 0.4980392156862745}
No gradient function provided, creating a gradient function. If your Estimator requires transpilation, please provide a pass manager.
{'seed': 48, 'epsilon': 0.3, 'noise_type': 'phase_damping', 'level': 'L2', 'attack_success_rate': 0.5063291139240507, 'robustness_accuracy': 0.488, 'accuracy': 0.488, 'precision': 0.5203252032520326, 'recall': 0.48120300751879697, 'f1': 0.5}
No gradient function provided, creating a gradient function. If your Estimator requires transpilation, please provide a pass manager.
{'seed': 48, 'epsilon': 0.3, 'noise_type': 'phase_damping', 'level': 'L3', 'attack_success_rate': 0.5221518987341772, 'robustness_accuracy': 0.476, 'accuracy': 0.476, 'precision': 0.5084745762711864, 'recall': 0.45112781954887216, 'f1': 0.47808764940239046}
No gradient function provided, creating a gradient function. If your Estimator requires transpilation, please provide a pass manager.
{'seed': 48, 'epsilon': 0.3, 'noise_type': 'phase_damping', 'level': 'L4', 'attack_success_rate': 0.5253164556962026, 'robustness_accuracy': 0.472, 'accuracy': 0.472, 'precision': 0.5045454545454545, 'recall': 0.41729323308270677, 'f1': 0.4567901234567901}
No gradient function provided, creating a gradient function. If your Estimator requires transpilation, please provide a pass manager.
{'seed': 48, 'epsilon': 0.3, 'noise_type': 'readout', 'level': 'L1', 'attack_success_rate': 0.5031645569620253, 'robustness_accuracy': 0.488, 'accuracy': 0.488, 'precision': 0.5204918032786885, 'recall': 0.4774436090225564, 'f1': 0.4980392156862745}
No gradient function provided, creating a gradient function. If your Estimator requires transpilation, please provide a pass manager.
{'seed': 48, 'epsilon': 0.3, 'noise_type': 'readout', 'level': 'L2', 'attack_success_rate': 0.509493670886076, 'robustness_accuracy': 0.488, 'accuracy': 0.488, 'precision': 0.5206611570247934, 'recall': 0.47368421052631576, 'f1': 0.49606299212598426}
No gradient function provided, creating a gradient function. If your Estimator requires transpilation, please provide a pass manager.
{'seed': 48, 'epsilon': 0.3, 'noise_type': 'readout', 'level': 'L3', 'attack_success_rate': 0.5221518987341772, 'robustness_accuracy': 0.48, 'accuracy': 0.48, 'precision': 0.5125, 'recall': 0.462406015037594, 'f1': 0.48616600790513836}
No gradient function provided, creating a gradient function. If your Estimator requires transpilation, please provide a pass manager.
{'seed': 48, 'epsilon': 0.3, 'noise_type': 'readout', 'level': 'L4', 'attack_success_rate': 0.5158227848101266, 'robustness_accuracy': 0.492, 'accuracy': 0.492, 'precision': 0.5245901639344263, 'recall': 0.48120300751879697, 'f1': 0.5019607843137255}
No gradient function provided, creating a gradient function. If your Estimator requires transpilation, please provide a pass manager.
{'seed': 48, 'epsilon': 0.3, 'noise_type': 'combined', 'level': 'L2', 'attack_success_rate': 0.5031645569620253, 'robustness_accuracy': 0.498, 'accuracy': 0.498, 'precision': 0.5313807531380753, 'recall': 0.4774436090225564, 'f1': 0.502970297029703}
=== seed 49 ===
No gradient function provided, creating a gradient function. If your Estimator requires transpilation, please provide a pass manager.
No gradient function provided, creating a gradient function. If your Estimator requires transpilation, please provide a pass manager.
{'seed': 49, 'epsilon': 0.0, 'noise_type': 'none', 'level': 'L0', 'attack_success_rate': 0.02694610778443114, 'robustness_accuracy': 0.666, 'accuracy': 0.666, 'precision': 0.6666666666666666, 'recall': 0.7443609022556391, 'f1': 0.7033747779751333}
No gradient function provided, creating a gradient function. If your Estimator requires transpilation, please provide a pass manager.
{'seed': 49, 'epsilon': 0.0, 'noise_type': 'depolarizing', 'level': 'L1', 'attack_success_rate': 0.041916167664670656, 'robustness_accuracy': 0.67, 'accuracy': 0.67, 'precision': 0.6688963210702341, 'recall': 0.7518796992481203, 'f1': 0.7079646017699115}
No gradient function provided, creating a gradient function. If your Estimator requires transpilation, please provide a pass manager.
{'seed': 49, 'epsilon': 0.0, 'noise_type': 'depolarizing', 'level': 'L2', 'attack_success_rate': 0.059880239520958084, 'robustness_accuracy': 0.662, 'accuracy': 0.662, 'precision': 0.6611295681063123, 'recall': 0.7481203007518797, 'f1': 0.7019400352733686}
No gradient function provided, creating a gradient function. If your Estimator requires transpilation, please provide a pass manager.
{'seed': 49, 'epsilon': 0.0, 'noise_type': 'depolarizing', 'level': 'L3', 'attack_success_rate': 0.15868263473053892, 'robustness_accuracy': 0.63, 'accuracy': 0.63, 'precision': 0.6431095406360424, 'recall': 0.6842105263157895, 'f1': 0.663023679417122}
No gradient function provided, creating a gradient function. If your Estimator requires transpilation, please provide a pass manager.
{'seed': 49, 'epsilon': 0.0, 'noise_type': 'depolarizing', 'level': 'L4', 'attack_success_rate': 0.32934131736526945, 'robustness_accuracy': 0.57, 'accuracy': 0.57, 'precision': 0.6032388663967612, 'recall': 0.5601503759398496, 'f1': 0.580896686159844}
No gradient function provided, creating a gradient function. If your Estimator requires transpilation, please provide a pass manager.
{'seed': 49, 'epsilon': 0.0, 'noise_type': 'phase_damping', 'level': 'L1', 'attack_success_rate': 0.038922155688622756, 'robustness_accuracy': 0.672, 'accuracy': 0.672, 'precision': 0.67, 'recall': 0.7556390977443609, 'f1': 0.7102473498233216}
No gradient function provided, creating a gradient function. If your Estimator requires transpilation, please provide a pass manager.
{'seed': 49, 'epsilon': 0.0, 'noise_type': 'phase_damping', 'level': 'L2', 'attack_success_rate': 0.04491017964071856, 'robustness_accuracy': 0.672, 'accuracy': 0.672, 'precision': 0.6688741721854304, 'recall': 0.7593984962406015, 'f1': 0.7112676056338029}
No gradient function provided, creating a gradient function. If your Estimator requires transpilation, please provide a pass manager.
{'seed': 49, 'epsilon': 0.0, 'noise_type': 'phase_damping', 'level': 'L3', 'attack_success_rate': 0.0748502994011976, 'robustness_accuracy': 0.662, 'accuracy': 0.662, 'precision': 0.6632996632996633, 'recall': 0.7406015037593985, 'f1': 0.6998223801065719}
No gradient function provided, creating a gradient function. If your Estimator requires transpilation, please provide a pass manager.
{'seed': 49, 'epsilon': 0.0, 'noise_type': 'phase_damping', 'level': 'L4', 'attack_success_rate': 0.1467065868263473, 'robustness_accuracy': 0.636, 'accuracy': 0.636, 'precision': 0.6428571428571429, 'recall': 0.7105263157894737, 'f1': 0.675}
No gradient function provided, creating a gradient function. If your Estimator requires transpilation, please provide a pass manager.
{'seed': 49, 'epsilon': 0.0, 'noise_type': 'readout', 'level': 'L1', 'attack_success_rate': 0.03293413173652695, 'robustness_accuracy': 0.66, 'accuracy': 0.66, 'precision': 0.6610738255033557, 'recall': 0.7406015037593985, 'f1': 0.6985815602836879}
No gradient function provided, creating a gradient function. If your Estimator requires transpilation, please provide a pass manager.
{'seed': 49, 'epsilon': 0.0, 'noise_type': 'readout', 'level': 'L2', 'attack_success_rate': 0.03592814371257485, 'robustness_accuracy': 0.662, 'accuracy': 0.662, 'precision': 0.6622073578595318, 'recall': 0.7443609022556391, 'f1': 0.7008849557522124}
No gradient function provided, creating a gradient function. If your Estimator requires transpilation, please provide a pass manager.
{'seed': 49, 'epsilon': 0.0, 'noise_type': 'readout', 'level': 'L3', 'attack_success_rate': 0.03592814371257485, 'robustness_accuracy': 0.664, 'accuracy': 0.664, 'precision': 0.6611842105263158, 'recall': 0.7556390977443609, 'f1': 0.7052631578947368}
No gradient function provided, creating a gradient function. If your Estimator requires transpilation, please provide a pass manager.
{'seed': 49, 'epsilon': 0.0, 'noise_type': 'readout', 'level': 'L4', 'attack_success_rate': 0.03293413173652695, 'robustness_accuracy': 0.67, 'accuracy': 0.67, 'precision': 0.6688963210702341, 'recall': 0.7518796992481203, 'f1': 0.7079646017699115}
No gradient function provided, creating a gradient function. If your Estimator requires transpilation, please provide a pass manager.
{'seed': 49, 'epsilon': 0.0, 'noise_type': 'combined', 'level': 'L2', 'attack_success_rate': 0.059880239520958084, 'robustness_accuracy': 0.656, 'accuracy': 0.656, 'precision': 0.6556291390728477, 'recall': 0.7443609022556391, 'f1': 0.6971830985915493}
No gradient function provided, creating a gradient function. If your Estimator requires transpilation, please provide a pass manager.
{'seed': 49, 'epsilon': 0.02, 'noise_type': 'none', 'level': 'L0', 'attack_success_rate': 0.3712574850299401, 'robustness_accuracy': 0.604, 'accuracy': 0.604, 'precision': 0.6140939597315436, 'recall': 0.6879699248120301, 'f1': 0.648936170212766}
No gradient function provided, creating a gradient function. If your Estimator requires transpilation, please provide a pass manager.
{'seed': 49, 'epsilon': 0.02, 'noise_type': 'depolarizing', 'level': 'L1', 'attack_success_rate': 0.38323353293413176, 'robustness_accuracy': 0.596, 'accuracy': 0.596, 'precision': 0.6059602649006622, 'recall': 0.6879699248120301, 'f1': 0.6443661971830986}
No gradient function provided, creating a gradient function. If your Estimator requires transpilation, please provide a pass manager.
{'seed': 49, 'epsilon': 0.02, 'noise_type': 'depolarizing', 'level': 'L2', 'attack_success_rate': 0.38622754491017963, 'robustness_accuracy': 0.592, 'accuracy': 0.592, 'precision': 0.6040268456375839, 'recall': 0.6766917293233082, 'f1': 0.6382978723404256}
No gradient function provided, creating a gradient function. If your Estimator requires transpilation, please provide a pass manager.
{'seed': 49, 'epsilon': 0.02, 'noise_type': 'depolarizing', 'level': 'L3', 'attack_success_rate': 0.40119760479041916, 'robustness_accuracy': 0.57, 'accuracy': 0.57, 'precision': 0.5984555984555985, 'recall': 0.5827067669172933, 'f1': 0.5904761904761905}
No gradient function provided, creating a gradient function. If your Estimator requires transpilation, please provide a pass manager.
{'seed': 49, 'epsilon': 0.02, 'noise_type': 'depolarizing', 'level': 'L4', 'attack_success_rate': 0.4491017964071856, 'robustness_accuracy': 0.54, 'accuracy': 0.54, 'precision': 0.5803571428571429, 'recall': 0.48872180451127817, 'f1': 0.5306122448979592}
No gradient function provided, creating a gradient function. If your Estimator requires transpilation, please provide a pass manager.
{'seed': 49, 'epsilon': 0.02, 'noise_type': 'phase_damping', 'level': 'L1', 'attack_success_rate': 0.3772455089820359, 'robustness_accuracy': 0.598, 'accuracy': 0.598, 'precision': 0.6079734219269103, 'recall': 0.6879699248120301, 'f1': 0.6455026455026455}
No gradient function provided, creating a gradient function. If your Estimator requires transpilation, please provide a pass manager.
{'seed': 49, 'epsilon': 0.02, 'noise_type': 'phase_damping', 'level': 'L2', 'attack_success_rate': 0.3772455089820359, 'robustness_accuracy': 0.598, 'accuracy': 0.598, 'precision': 0.6079734219269103, 'recall': 0.6879699248120301, 'f1': 0.6455026455026455}
No gradient function provided, creating a gradient function. If your Estimator requires transpilation, please provide a pass manager.
{'seed': 49, 'epsilon': 0.02, 'noise_type': 'phase_damping', 'level': 'L3', 'attack_success_rate': 0.39520958083832336, 'robustness_accuracy': 0.586, 'accuracy': 0.586, 'precision': 0.6042402826855123, 'recall': 0.6428571428571429, 'f1': 0.6229508196721312}
No gradient function provided, creating a gradient function. If your Estimator requires transpilation, please provide a pass manager.
{'seed': 49, 'epsilon': 0.02, 'noise_type': 'phase_damping', 'level': 'L4', 'attack_success_rate': 0.38023952095808383, 'robustness_accuracy': 0.594, 'accuracy': 0.594, 'precision': 0.6216216216216216, 'recall': 0.6052631578947368, 'f1': 0.6133333333333333}
No gradient function provided, creating a gradient function. If your Estimator requires transpilation, please provide a pass manager.
{'seed': 49, 'epsilon': 0.02, 'noise_type': 'readout', 'level': 'L1', 'attack_success_rate': 0.3712574850299401, 'robustness_accuracy': 0.602, 'accuracy': 0.602, 'precision': 0.6112956810631229, 'recall': 0.6917293233082706, 'f1': 0.6490299823633157}
No gradient function provided, creating a gradient function. If your Estimator requires transpilation, please provide a pass manager.
{'seed': 49, 'epsilon': 0.02, 'noise_type': 'readout', 'level': 'L2', 'attack_success_rate': 0.37425149700598803, 'robustness_accuracy': 0.602, 'accuracy': 0.602, 'precision': 0.6105610561056105, 'recall': 0.6954887218045113, 'f1': 0.6502636203866432}
No gradient function provided, creating a gradient function. If your Estimator requires transpilation, please provide a pass manager.
{'seed': 49, 'epsilon': 0.02, 'noise_type': 'readout', 'level': 'L3', 'attack_success_rate': 0.38023952095808383, 'robustness_accuracy': 0.598, 'accuracy': 0.598, 'precision': 0.6065573770491803, 'recall': 0.6954887218045113, 'f1': 0.647985989492119}
No gradient function provided, creating a gradient function. If your Estimator requires transpilation, please provide a pass manager.
{'seed': 49, 'epsilon': 0.02, 'noise_type': 'readout', 'level': 'L4', 'attack_success_rate': 0.3652694610778443, 'robustness_accuracy': 0.606, 'accuracy': 0.606, 'precision': 0.6123778501628665, 'recall': 0.706766917293233, 'f1': 0.6561954624781849}
No gradient function provided, creating a gradient function. If your Estimator requires transpilation, please provide a pass manager.
{'seed': 49, 'epsilon': 0.02, 'noise_type': 'combined', 'level': 'L2', 'attack_success_rate': 0.38622754491017963, 'robustness_accuracy': 0.59, 'accuracy': 0.59, 'precision': 0.6026936026936027, 'recall': 0.6729323308270677, 'f1': 0.6358792184724689}
No gradient function provided, creating a gradient function. If your Estimator requires transpilation, please provide a pass manager.
{'seed': 49, 'epsilon': 0.05, 'noise_type': 'none', 'level': 'L0', 'attack_success_rate': 0.5718562874251497, 'robustness_accuracy': 0.53, 'accuracy': 0.53, 'precision': 0.5532646048109966, 'recall': 0.6052631578947368, 'f1': 0.578096947935368}
No gradient function provided, creating a gradient function. If your Estimator requires transpilation, please provide a pass manager.
{'seed': 49, 'epsilon': 0.05, 'noise_type': 'depolarizing', 'level': 'L1', 'attack_success_rate': 0.5718562874251497, 'robustness_accuracy': 0.53, 'accuracy': 0.53, 'precision': 0.554006968641115, 'recall': 0.5977443609022557, 'f1': 0.5750452079566004}
No gradient function provided, creating a gradient function. If your Estimator requires transpilation, please provide a pass manager.
{'seed': 49, 'epsilon': 0.05, 'noise_type': 'depolarizing', 'level': 'L2', 'attack_success_rate': 0.5838323353293413, 'robustness_accuracy': 0.524, 'accuracy': 0.524, 'precision': 0.5492957746478874, 'recall': 0.5864661654135338, 'f1': 0.5672727272727273}
No gradient function provided, creating a gradient function. If your Estimator requires transpilation, please provide a pass manager.
{'seed': 49, 'epsilon': 0.05, 'noise_type': 'depolarizing', 'level': 'L3', 'attack_success_rate': 0.592814371257485, 'robustness_accuracy': 0.504, 'accuracy': 0.504, 'precision': 0.5335820895522388, 'recall': 0.5375939849624061, 'f1': 0.5355805243445693}
No gradient function provided, creating a gradient function. If your Estimator requires transpilation, please provide a pass manager.
{'seed': 49, 'epsilon': 0.05, 'noise_type': 'depolarizing', 'level': 'L4', 'attack_success_rate': 0.5568862275449101, 'robustness_accuracy': 0.492, 'accuracy': 0.492, 'precision': 0.5256410256410257, 'recall': 0.462406015037594, 'f1': 0.492}
No gradient function provided, creating a gradient function. If your Estimator requires transpilation, please provide a pass manager.
{'seed': 49, 'epsilon': 0.05, 'noise_type': 'phase_damping', 'level': 'L1', 'attack_success_rate': 0.5658682634730539, 'robustness_accuracy': 0.534, 'accuracy': 0.534, 'precision': 0.5570934256055363, 'recall': 0.6052631578947368, 'f1': 0.5801801801801801}
No gradient function provided, creating a gradient function. If your Estimator requires transpilation, please provide a pass manager.
{'seed': 49, 'epsilon': 0.05, 'noise_type': 'phase_damping', 'level': 'L2', 'attack_success_rate': 0.5658682634730539, 'robustness_accuracy': 0.536, 'accuracy': 0.536, 'precision': 0.5594405594405595, 'recall': 0.6015037593984962, 'f1': 0.5797101449275363}
No gradient function provided, creating a gradient function. If your Estimator requires transpilation, please provide a pass manager.
{'seed': 49, 'epsilon': 0.05, 'noise_type': 'phase_damping', 'level': 'L3', 'attack_success_rate': 0.5778443113772455, 'robustness_accuracy': 0.524, 'accuracy': 0.524, 'precision': 0.55, 'recall': 0.5789473684210527, 'f1': 0.5641025641025641}
No gradient function provided, creating a gradient function. If your Estimator requires transpilation, please provide a pass manager.
{'seed': 49, 'epsilon': 0.05, 'noise_type': 'phase_damping', 'level': 'L4', 'attack_success_rate': 0.5838323353293413, 'robustness_accuracy': 0.516, 'accuracy': 0.516, 'precision': 0.5444444444444444, 'recall': 0.5526315789473685, 'f1': 0.5485074626865671}
No gradient function provided, creating a gradient function. If your Estimator requires transpilation, please provide a pass manager.
{'seed': 49, 'epsilon': 0.05, 'noise_type': 'readout', 'level': 'L1', 'attack_success_rate': 0.5658682634730539, 'robustness_accuracy': 0.534, 'accuracy': 0.534, 'precision': 0.5574912891986062, 'recall': 0.6015037593984962, 'f1': 0.5786618444846293}
No gradient function provided, creating a gradient function. If your Estimator requires transpilation, please provide a pass manager.
{'seed': 49, 'epsilon': 0.05, 'noise_type': 'readout', 'level': 'L2', 'attack_success_rate': 0.5748502994011976, 'robustness_accuracy': 0.526, 'accuracy': 0.526, 'precision': 0.5512367491166078, 'recall': 0.5864661654135338, 'f1': 0.5683060109289617}
No gradient function provided, creating a gradient function. If your Estimator requires transpilation, please provide a pass manager.
{'seed': 49, 'epsilon': 0.05, 'noise_type': 'readout', 'level': 'L3', 'attack_success_rate': 0.5718562874251497, 'robustness_accuracy': 0.526, 'accuracy': 0.526, 'precision': 0.5512367491166078, 'recall': 0.5864661654135338, 'f1': 0.5683060109289617}
No gradient function provided, creating a gradient function. If your Estimator requires transpilation, please provide a pass manager.
{'seed': 49, 'epsilon': 0.05, 'noise_type': 'readout', 'level': 'L4', 'attack_success_rate': 0.5748502994011976, 'robustness_accuracy': 0.53, 'accuracy': 0.53, 'precision': 0.5543859649122806, 'recall': 0.5939849624060151, 'f1': 0.573502722323049}
No gradient function provided, creating a gradient function. If your Estimator requires transpilation, please provide a pass manager.
{'seed': 49, 'epsilon': 0.05, 'noise_type': 'combined', 'level': 'L2', 'attack_success_rate': 0.5718562874251497, 'robustness_accuracy': 0.526, 'accuracy': 0.526, 'precision': 0.5519713261648745, 'recall': 0.5789473684210527, 'f1': 0.5651376146788991}
No gradient function provided, creating a gradient function. If your Estimator requires transpilation, please provide a pass manager.
{'seed': 49, 'epsilon': 0.1, 'noise_type': 'none', 'level': 'L0', 'attack_success_rate': 0.46407185628742514, 'robustness_accuracy': 0.57, 'accuracy': 0.57, 'precision': 0.5894736842105263, 'recall': 0.631578947368421, 'f1': 0.6098003629764065}
No gradient function provided, creating a gradient function. If your Estimator requires transpilation, please provide a pass manager.
{'seed': 49, 'epsilon': 0.1, 'noise_type': 'depolarizing', 'level': 'L1', 'attack_success_rate': 0.4491017964071856, 'robustness_accuracy': 0.578, 'accuracy': 0.578, 'precision': 0.597864768683274, 'recall': 0.631578947368421, 'f1': 0.6142595978062158}
No gradient function provided, creating a gradient function. If your Estimator requires transpilation, please provide a pass manager.
{'seed': 49, 'epsilon': 0.1, 'noise_type': 'depolarizing', 'level': 'L2', 'attack_success_rate': 0.4550898203592814, 'robustness_accuracy': 0.578, 'accuracy': 0.578, 'precision': 0.6, 'recall': 0.6203007518796992, 'f1': 0.609981515711645}
No gradient function provided, creating a gradient function. If your Estimator requires transpilation, please provide a pass manager.
{'seed': 49, 'epsilon': 0.1, 'noise_type': 'depolarizing', 'level': 'L3', 'attack_success_rate': 0.4491017964071856, 'robustness_accuracy': 0.578, 'accuracy': 0.578, 'precision': 0.6053639846743295, 'recall': 0.5939849624060151, 'f1': 0.5996204933586338}
No gradient function provided, creating a gradient function. If your Estimator requires transpilation, please provide a pass manager.
{'seed': 49, 'epsilon': 0.1, 'noise_type': 'depolarizing', 'level': 'L4', 'attack_success_rate': 0.5119760479041916, 'robustness_accuracy': 0.516, 'accuracy': 0.516, 'precision': 0.5526315789473685, 'recall': 0.47368421052631576, 'f1': 0.5101214574898786}
No gradient function provided, creating a gradient function. If your Estimator requires transpilation, please provide a pass manager.
{'seed': 49, 'epsilon': 0.1, 'noise_type': 'phase_damping', 'level': 'L1', 'attack_success_rate': 0.4550898203592814, 'robustness_accuracy': 0.574, 'accuracy': 0.574, 'precision': 0.594306049822064, 'recall': 0.6278195488721805, 'f1': 0.6106032906764168}
No gradient function provided, creating a gradient function. If your Estimator requires transpilation, please provide a pass manager.
{'seed': 49, 'epsilon': 0.1, 'noise_type': 'phase_damping', 'level': 'L2', 'attack_success_rate': 0.45808383233532934, 'robustness_accuracy': 0.572, 'accuracy': 0.572, 'precision': 0.5928571428571429, 'recall': 0.6240601503759399, 'f1': 0.608058608058608}
No gradient function provided, creating a gradient function. If your Estimator requires transpilation, please provide a pass manager.
{'seed': 49, 'epsilon': 0.1, 'noise_type': 'phase_damping', 'level': 'L3', 'attack_success_rate': 0.44011976047904194, 'robustness_accuracy': 0.584, 'accuracy': 0.584, 'precision': 0.6058394160583942, 'recall': 0.6240601503759399, 'f1': 0.6148148148148148}
No gradient function provided, creating a gradient function. If your Estimator requires transpilation, please provide a pass manager.
{'seed': 49, 'epsilon': 0.1, 'noise_type': 'phase_damping', 'level': 'L4', 'attack_success_rate': 0.44610778443113774, 'robustness_accuracy': 0.58, 'accuracy': 0.58, 'precision': 0.6052631578947368, 'recall': 0.6052631578947368, 'f1': 0.6052631578947368}
No gradient function provided, creating a gradient function. If your Estimator requires transpilation, please provide a pass manager.
{'seed': 49, 'epsilon': 0.1, 'noise_type': 'readout', 'level': 'L1', 'attack_success_rate': 0.47604790419161674, 'robustness_accuracy': 0.564, 'accuracy': 0.564, 'precision': 0.5857142857142857, 'recall': 0.6165413533834586, 'f1': 0.6007326007326007}
No gradient function provided, creating a gradient function. If your Estimator requires transpilation, please provide a pass manager.
{'seed': 49, 'epsilon': 0.1, 'noise_type': 'readout', 'level': 'L2', 'attack_success_rate': 0.47005988023952094, 'robustness_accuracy': 0.568, 'accuracy': 0.568, 'precision': 0.5892857142857143, 'recall': 0.6203007518796992, 'f1': 0.6043956043956044}
No gradient function provided, creating a gradient function. If your Estimator requires transpilation, please provide a pass manager.
{'seed': 49, 'epsilon': 0.1, 'noise_type': 'readout', 'level': 'L3', 'attack_success_rate': 0.46107784431137727, 'robustness_accuracy': 0.57, 'accuracy': 0.57, 'precision': 0.5894736842105263, 'recall': 0.631578947368421, 'f1': 0.6098003629764065}
No gradient function provided, creating a gradient function. If your Estimator requires transpilation, please provide a pass manager.
{'seed': 49, 'epsilon': 0.1, 'noise_type': 'readout', 'level': 'L4', 'attack_success_rate': 0.46107784431137727, 'robustness_accuracy': 0.574, 'accuracy': 0.574, 'precision': 0.5923344947735192, 'recall': 0.6390977443609023, 'f1': 0.6148282097649186}
No gradient function provided, creating a gradient function. If your Estimator requires transpilation, please provide a pass manager.
{'seed': 49, 'epsilon': 0.1, 'noise_type': 'combined', 'level': 'L2', 'attack_success_rate': 0.46107784431137727, 'robustness_accuracy': 0.57, 'accuracy': 0.57, 'precision': 0.592057761732852, 'recall': 0.6165413533834586, 'f1': 0.6040515653775322}
No gradient function provided, creating a gradient function. If your Estimator requires transpilation, please provide a pass manager.
{'seed': 49, 'epsilon': 0.15, 'noise_type': 'none', 'level': 'L0', 'attack_success_rate': 0.3772455089820359, 'robustness_accuracy': 0.578, 'accuracy': 0.578, 'precision': 0.6022304832713755, 'recall': 0.6090225563909775, 'f1': 0.6056074766355141}
No gradient function provided, creating a gradient function. If your Estimator requires transpilation, please provide a pass manager.
{'seed': 49, 'epsilon': 0.15, 'noise_type': 'depolarizing', 'level': 'L1', 'attack_success_rate': 0.3772455089820359, 'robustness_accuracy': 0.576, 'accuracy': 0.576, 'precision': 0.6022727272727273, 'recall': 0.5977443609022557, 'f1': 0.6}
No gradient function provided, creating a gradient function. If your Estimator requires transpilation, please provide a pass manager.
{'seed': 49, 'epsilon': 0.15, 'noise_type': 'depolarizing', 'level': 'L2', 'attack_success_rate': 0.38922155688622756, 'robustness_accuracy': 0.566, 'accuracy': 0.566, 'precision': 0.5953307392996109, 'recall': 0.575187969924812, 'f1': 0.5850860420650096}
No gradient function provided, creating a gradient function. If your Estimator requires transpilation, please provide a pass manager.
{'seed': 49, 'epsilon': 0.15, 'noise_type': 'depolarizing', 'level': 'L3', 'attack_success_rate': 0.39820359281437123, 'robustness_accuracy': 0.574, 'accuracy': 0.574, 'precision': 0.6081632653061224, 'recall': 0.5601503759398496, 'f1': 0.5831702544031311}
No gradient function provided, creating a gradient function. If your Estimator requires transpilation, please provide a pass manager.
{'seed': 49, 'epsilon': 0.15, 'noise_type': 'depolarizing', 'level': 'L4', 'attack_success_rate': 0.4491017964071856, 'robustness_accuracy': 0.544, 'accuracy': 0.544, 'precision': 0.5863636363636363, 'recall': 0.4849624060150376, 'f1': 0.5308641975308642}
No gradient function provided, creating a gradient function. If your Estimator requires transpilation, please provide a pass manager.
{'seed': 49, 'epsilon': 0.15, 'noise_type': 'phase_damping', 'level': 'L1', 'attack_success_rate': 0.37425149700598803, 'robustness_accuracy': 0.582, 'accuracy': 0.582, 'precision': 0.6067415730337079, 'recall': 0.6090225563909775, 'f1': 0.6078799249530957}
No gradient function provided, creating a gradient function. If your Estimator requires transpilation, please provide a pass manager.
{'seed': 49, 'epsilon': 0.15, 'noise_type': 'phase_damping', 'level': 'L2', 'attack_success_rate': 0.37425149700598803, 'robustness_accuracy': 0.578, 'accuracy': 0.578, 'precision': 0.6053639846743295, 'recall': 0.5939849624060151, 'f1': 0.5996204933586338}
No gradient function provided, creating a gradient function. If your Estimator requires transpilation, please provide a pass manager.
{'seed': 49, 'epsilon': 0.15, 'noise_type': 'phase_damping', 'level': 'L3', 'attack_success_rate': 0.3772455089820359, 'robustness_accuracy': 0.58, 'accuracy': 0.58, 'precision': 0.6085271317829457, 'recall': 0.5902255639097744, 'f1': 0.5992366412213741}
No gradient function provided, creating a gradient function. If your Estimator requires transpilation, please provide a pass manager.
{'seed': 49, 'epsilon': 0.15, 'noise_type': 'phase_damping', 'level': 'L4', 'attack_success_rate': 0.39520958083832336, 'robustness_accuracy': 0.57, 'accuracy': 0.57, 'precision': 0.6024096385542169, 'recall': 0.5639097744360902, 'f1': 0.5825242718446602}
No gradient function provided, creating a gradient function. If your Estimator requires transpilation, please provide a pass manager.
{'seed': 49, 'epsilon': 0.15, 'noise_type': 'readout', 'level': 'L1', 'attack_success_rate': 0.3772455089820359, 'robustness_accuracy': 0.584, 'accuracy': 0.584, 'precision': 0.6090225563909775, 'recall': 0.6090225563909775, 'f1': 0.6090225563909775}
No gradient function provided, creating a gradient function. If your Estimator requires transpilation, please provide a pass manager.
{'seed': 49, 'epsilon': 0.15, 'noise_type': 'readout', 'level': 'L2', 'attack_success_rate': 0.3772455089820359, 'robustness_accuracy': 0.582, 'accuracy': 0.582, 'precision': 0.6083650190114068, 'recall': 0.6015037593984962, 'f1': 0.6049149338374291}
No gradient function provided, creating a gradient function. If your Estimator requires transpilation, please provide a pass manager.
{'seed': 49, 'epsilon': 0.15, 'noise_type': 'readout', 'level': 'L3', 'attack_success_rate': 0.3772455089820359, 'robustness_accuracy': 0.572, 'accuracy': 0.572, 'precision': 0.6, 'recall': 0.5864661654135338, 'f1': 0.5931558935361216}
No gradient function provided, creating a gradient function. If your Estimator requires transpilation, please provide a pass manager.
{'seed': 49, 'epsilon': 0.15, 'noise_type': 'readout', 'level': 'L4', 'attack_success_rate': 0.38323353293413176, 'robustness_accuracy': 0.576, 'accuracy': 0.576, 'precision': 0.6030534351145038, 'recall': 0.5939849624060151, 'f1': 0.5984848484848485}
No gradient function provided, creating a gradient function. If your Estimator requires transpilation, please provide a pass manager.
{'seed': 49, 'epsilon': 0.15, 'noise_type': 'combined', 'level': 'L2', 'attack_success_rate': 0.37425149700598803, 'robustness_accuracy': 0.576, 'accuracy': 0.576, 'precision': 0.6038461538461538, 'recall': 0.5902255639097744, 'f1': 0.596958174904943}
No gradient function provided, creating a gradient function. If your Estimator requires transpilation, please provide a pass manager.
{'seed': 49, 'epsilon': 0.2, 'noise_type': 'none', 'level': 'L0', 'attack_success_rate': 0.40718562874251496, 'robustness_accuracy': 0.556, 'accuracy': 0.556, 'precision': 0.5846153846153846, 'recall': 0.5714285714285714, 'f1': 0.5779467680608364}
No gradient function provided, creating a gradient function. If your Estimator requires transpilation, please provide a pass manager.
{'seed': 49, 'epsilon': 0.2, 'noise_type': 'depolarizing', 'level': 'L1', 'attack_success_rate': 0.4041916167664671, 'robustness_accuracy': 0.556, 'accuracy': 0.556, 'precision': 0.5859375, 'recall': 0.5639097744360902, 'f1': 0.5747126436781609}
No gradient function provided, creating a gradient function. If your Estimator requires transpilation, please provide a pass manager.
{'seed': 49, 'epsilon': 0.2, 'noise_type': 'depolarizing', 'level': 'L2', 'attack_success_rate': 0.39820359281437123, 'robustness_accuracy': 0.56, 'accuracy': 0.56, 'precision': 0.5905511811023622, 'recall': 0.5639097744360902, 'f1': 0.5769230769230769}
No gradient function provided, creating a gradient function. If your Estimator requires transpilation, please provide a pass manager.
{'seed': 49, 'epsilon': 0.2, 'noise_type': 'depolarizing', 'level': 'L3', 'attack_success_rate': 0.4431137724550898, 'robustness_accuracy': 0.528, 'accuracy': 0.528, 'precision': 0.5657894736842105, 'recall': 0.4849624060150376, 'f1': 0.5222672064777328}
No gradient function provided, creating a gradient function. If your Estimator requires transpilation, please provide a pass manager.
{'seed': 49, 'epsilon': 0.2, 'noise_type': 'depolarizing', 'level': 'L4', 'attack_success_rate': 0.4820359281437126, 'robustness_accuracy': 0.52, 'accuracy': 0.52, 'precision': 0.5625, 'recall': 0.4398496240601504, 'f1': 0.4936708860759494}
No gradient function provided, creating a gradient function. If your Estimator requires transpilation, please provide a pass manager.
{'seed': 49, 'epsilon': 0.2, 'noise_type': 'phase_damping', 'level': 'L1', 'attack_success_rate': 0.40119760479041916, 'robustness_accuracy': 0.56, 'accuracy': 0.56, 'precision': 0.5884615384615385, 'recall': 0.575187969924812, 'f1': 0.5817490494296578}
No gradient function provided, creating a gradient function. If your Estimator requires transpilation, please provide a pass manager.
{'seed': 49, 'epsilon': 0.2, 'noise_type': 'phase_damping', 'level': 'L2', 'attack_success_rate': 0.39221556886227543, 'robustness_accuracy': 0.562, 'accuracy': 0.562, 'precision': 0.5907335907335908, 'recall': 0.575187969924812, 'f1': 0.5828571428571429}
No gradient function provided, creating a gradient function. If your Estimator requires transpilation, please provide a pass manager.
{'seed': 49, 'epsilon': 0.2, 'noise_type': 'phase_damping', 'level': 'L3', 'attack_success_rate': 0.39820359281437123, 'robustness_accuracy': 0.566, 'accuracy': 0.566, 'precision': 0.5983935742971888, 'recall': 0.5601503759398496, 'f1': 0.5786407766990291}
No gradient function provided, creating a gradient function. If your Estimator requires transpilation, please provide a pass manager.
{'seed': 49, 'epsilon': 0.2, 'noise_type': 'phase_damping', 'level': 'L4', 'attack_success_rate': 0.41916167664670656, 'robustness_accuracy': 0.55, 'accuracy': 0.55, 'precision': 0.5864978902953587, 'recall': 0.5225563909774437, 'f1': 0.5526838966202783}
No gradient function provided, creating a gradient function. If your Estimator requires transpilation, please provide a pass manager.
{'seed': 49, 'epsilon': 0.2, 'noise_type': 'readout', 'level': 'L1', 'attack_success_rate': 0.4101796407185629, 'robustness_accuracy': 0.554, 'accuracy': 0.554, 'precision': 0.5823754789272031, 'recall': 0.5714285714285714, 'f1': 0.5768500948766604}
No gradient function provided, creating a gradient function. If your Estimator requires transpilation, please provide a pass manager.
{'seed': 49, 'epsilon': 0.2, 'noise_type': 'readout', 'level': 'L2', 'attack_success_rate': 0.4101796407185629, 'robustness_accuracy': 0.554, 'accuracy': 0.554, 'precision': 0.5823754789272031, 'recall': 0.5714285714285714, 'f1': 0.5768500948766604}
No gradient function provided, creating a gradient function. If your Estimator requires transpilation, please provide a pass manager.
{'seed': 49, 'epsilon': 0.2, 'noise_type': 'readout', 'level': 'L3', 'attack_success_rate': 0.4041916167664671, 'robustness_accuracy': 0.55, 'accuracy': 0.55, 'precision': 0.5791505791505791, 'recall': 0.5639097744360902, 'f1': 0.5714285714285714}
No gradient function provided, creating a gradient function. If your Estimator requires transpilation, please provide a pass manager.
{'seed': 49, 'epsilon': 0.2, 'noise_type': 'readout', 'level': 'L4', 'attack_success_rate': 0.40119760479041916, 'robustness_accuracy': 0.548, 'accuracy': 0.548, 'precision': 0.578125, 'recall': 0.556390977443609, 'f1': 0.5670498084291188}
No gradient function provided, creating a gradient function. If your Estimator requires transpilation, please provide a pass manager.
{'seed': 49, 'epsilon': 0.2, 'noise_type': 'combined', 'level': 'L2', 'attack_success_rate': 0.39820359281437123, 'robustness_accuracy': 0.564, 'accuracy': 0.564, 'precision': 0.594488188976378, 'recall': 0.5676691729323309, 'f1': 0.5807692307692308}
No gradient function provided, creating a gradient function. If your Estimator requires transpilation, please provide a pass manager.
{'seed': 49, 'epsilon': 0.3, 'noise_type': 'none', 'level': 'L0', 'attack_success_rate': 0.45808383233532934, 'robustness_accuracy': 0.526, 'accuracy': 0.526, 'precision': 0.5582329317269076, 'recall': 0.5225563909774437, 'f1': 0.5398058252427185}
No gradient function provided, creating a gradient function. If your Estimator requires transpilation, please provide a pass manager.
{'seed': 49, 'epsilon': 0.3, 'noise_type': 'depolarizing', 'level': 'L1', 'attack_success_rate': 0.45808383233532934, 'robustness_accuracy': 0.528, 'accuracy': 0.528, 'precision': 0.5590551181102362, 'recall': 0.5338345864661654, 'f1': 0.5461538461538461}
No gradient function provided, creating a gradient function. If your Estimator requires transpilation, please provide a pass manager.
{'seed': 49, 'epsilon': 0.3, 'noise_type': 'depolarizing', 'level': 'L2', 'attack_success_rate': 0.4491017964071856, 'robustness_accuracy': 0.538, 'accuracy': 0.538, 'precision': 0.5686274509803921, 'recall': 0.5451127819548872, 'f1': 0.5566218809980806}
No gradient function provided, creating a gradient function. If your Estimator requires transpilation, please provide a pass manager.
{'seed': 49, 'epsilon': 0.3, 'noise_type': 'depolarizing', 'level': 'L3', 'attack_success_rate': 0.49700598802395207, 'robustness_accuracy': 0.5, 'accuracy': 0.5, 'precision': 0.5350877192982456, 'recall': 0.45864661654135336, 'f1': 0.4939271255060729}
No gradient function provided, creating a gradient function. If your Estimator requires transpilation, please provide a pass manager.
{'seed': 49, 'epsilon': 0.3, 'noise_type': 'depolarizing', 'level': 'L4', 'attack_success_rate': 0.5329341317365269, 'robustness_accuracy': 0.488, 'accuracy': 0.488, 'precision': 0.5238095238095238, 'recall': 0.41353383458646614, 'f1': 0.46218487394957986}
No gradient function provided, creating a gradient function. If your Estimator requires transpilation, please provide a pass manager.
{'seed': 49, 'epsilon': 0.3, 'noise_type': 'phase_damping', 'level': 'L1', 'attack_success_rate': 0.4550898203592814, 'robustness_accuracy': 0.53, 'accuracy': 0.53, 'precision': 0.5617529880478087, 'recall': 0.5300751879699248, 'f1': 0.5454545454545454}
No gradient function provided, creating a gradient function. If your Estimator requires transpilation, please provide a pass manager.
{'seed': 49, 'epsilon': 0.3, 'noise_type': 'phase_damping', 'level': 'L2', 'attack_success_rate': 0.45808383233532934, 'robustness_accuracy': 0.53, 'accuracy': 0.53, 'precision': 0.5617529880478087, 'recall': 0.5300751879699248, 'f1': 0.5454545454545454}
No gradient function provided, creating a gradient function. If your Estimator requires transpilation, please provide a pass manager.
{'seed': 49, 'epsilon': 0.3, 'noise_type': 'phase_damping', 'level': 'L3', 'attack_success_rate': 0.46706586826347307, 'robustness_accuracy': 0.53, 'accuracy': 0.53, 'precision': 0.5643153526970954, 'recall': 0.5112781954887218, 'f1': 0.5364891518737672}
No gradient function provided, creating a gradient function. If your Estimator requires transpilation, please provide a pass manager.
{'seed': 49, 'epsilon': 0.3, 'noise_type': 'phase_damping', 'level': 'L4', 'attack_success_rate': 0.4820359281437126, 'robustness_accuracy': 0.516, 'accuracy': 0.516, 'precision': 0.5517241379310345, 'recall': 0.48120300751879697, 'f1': 0.5140562248995983}
No gradient function provided, creating a gradient function. If your Estimator requires transpilation, please provide a pass manager.
{'seed': 49, 'epsilon': 0.3, 'noise_type': 'readout', 'level': 'L1', 'attack_success_rate': 0.4550898203592814, 'robustness_accuracy': 0.526, 'accuracy': 0.526, 'precision': 0.5582329317269076, 'recall': 0.5225563909774437, 'f1': 0.5398058252427185}
No gradient function provided, creating a gradient function. If your Estimator requires transpilation, please provide a pass manager.
{'seed': 49, 'epsilon': 0.3, 'noise_type': 'readout', 'level': 'L2', 'attack_success_rate': 0.4550898203592814, 'robustness_accuracy': 0.528, 'accuracy': 0.528, 'precision': 0.56, 'recall': 0.5263157894736842, 'f1': 0.5426356589147286}
No gradient function provided, creating a gradient function. If your Estimator requires transpilation, please provide a pass manager.
{'seed': 49, 'epsilon': 0.3, 'noise_type': 'readout', 'level': 'L3', 'attack_success_rate': 0.47005988023952094, 'robustness_accuracy': 0.518, 'accuracy': 0.518, 'precision': 0.5506072874493927, 'recall': 0.5112781954887218, 'f1': 0.530214424951267}
No gradient function provided, creating a gradient function. If your Estimator requires transpilation, please provide a pass manager.
{'seed': 49, 'epsilon': 0.3, 'noise_type': 'readout', 'level': 'L4', 'attack_success_rate': 0.45808383233532934, 'robustness_accuracy': 0.524, 'accuracy': 0.524, 'precision': 0.5551181102362205, 'recall': 0.5300751879699248, 'f1': 0.5423076923076923}
No gradient function provided, creating a gradient function. If your Estimator requires transpilation, please provide a pass manager.
{'seed': 49, 'epsilon': 0.3, 'noise_type': 'combined', 'level': 'L2', 'attack_success_rate': 0.45808383233532934, 'robustness_accuracy': 0.532, 'accuracy': 0.532, 'precision': 0.5634920634920635, 'recall': 0.5338345864661654, 'f1': 0.5482625482625483}

Written to C:\Work\Quantum-Adversarial-Robustness\results\noise_attack_sweep\noise_attack_sweep_all_seeds.csv
